Order_ID,Date,Month,Year,Customer_ID,Product_ID,Category,Quantity,Unit_Price,Discount,Sales_Amount
1,2025-09-21,9,2025,C093,P209,Herbs,1,9.37,0.15,7.96
1,2025-09-21,9,2025,C093,P093,B Formulations,4,27.65,0.15,94.01
1,2025-09-21,9,2025,C093,P098,D3 Formulations,6,8.72,0.15,44.47
1,2025-09-21,9,2025,C093,P149,Multiple Formulas,1,32.48,0.15,27.61
1,2025-09-21,9,2025,C093,P176,Herbs,4,7.5,0.15,25.5
2,2025-04-22,4,2025,C047,P224,D3 Formulations,2,16.86,0.12,29.67
2,2025-04-22,4,2025,C047,P135,Essential Fatty Acids,4,8.82,0.12,31.05
2,2025-04-22,4,2025,C047,P032,Multiple Formulas,1,25.49,0.12,22.43
3,2025-12-27,12,2025,C014,P246,Herbs,1,8.92,0.05,8.47
3,2025-12-27,12,2025,C014,P137,Multiple Formulas,5,34.71,0.05,164.87
3,2025-12-27,12,2025,C014,P223,Herbs,1,7.31,0.05,6.94
3,2025-12-27,12,2025,C014,P239,C Formulations,1,21.82,0.05,20.73
3,2025-12-27,12,2025,C014,P214,Essential Fatty Acids,1,19.75,0.05,18.76
4,2025-05-27,5,2025,C112,P139,Essential Fatty Acids,1,21.03,0.12,18.51
4,2025-05-27,5,2025,C112,P151,C Formulations,6,20.54,0.12,108.45
5,2025-03-02,3,2025,C171,P207,Nutritional Accessories,2,27.98,0.05,53.16
5,2025-03-02,3,2025,C171,P186,Minerals,1,18.73,0.05,17.79
5,2025-03-02,3,2025,C171,P086,C Formulations,2,21.91,0.05,41.63
6,2025-08-24,8,2025,C084,P138,Multiple Formulas,3,10.06,0.12,26.56
6,2025-08-24,8,2025,C084,P070,Herbs,2,15.83,0.12,27.86
6,2025-08-24,8,2025,C084,P013,C Formulations,2,26.39,0.12,46.45
7,2025-09-08,9,2025,C043,P235,D3 Formulations,4,22.69,0.2,72.61
8,2025-02-05,2,2025,C097,P131,D3 Formulations,3,22.15,0.1,59.8
8,2025-02-05,2,2025,C097,P225,B Formulations,2,24.15,0.1,43.47
8,2025-02-05,2,2025,C097,P176,Herbs,1,7.5,0.1,6.75
9,2025-01-10,1,2025,C058,P098,D3 Formulations,3,8.72,0.2,20.93
9,2025-01-10,1,2025,C058,P102,B Formulations,2,34.22,0.2,54.75
10,2025-09-17,9,2025,C148,P245,Essential Fatty Acids,2,8.01,0.12,14.1
10,2025-09-17,9,2025,C148,P048,Essential Fatty Acids,3,20.85,0.12,55.04
10,2025-09-17,9,2025,C148,P029,Nutritional Accessories,5,20.19,0.12,88.84
10,2025-09-17,9,2025,C148,P171,Nutritional Accessories,1,21.15,0.12,18.61
10,2025-09-17,9,2025,C148,P223,Herbs,3,7.31,0.12,19.3
11,2025-07-08,7,2025,C009,P132,Minerals,1,33.15,0.1,29.84
11,2025-07-08,7,2025,C009,P042,Essential Fatty Acids,3,15.3,0.1,41.31
11,2025-07-08,7,2025,C009,P246,Herbs,1,8.92,0.1,8.03
11,2025-07-08,7,2025,C009,P079,Essential Fatty Acids,1,32.06,0.1,28.85
11,2025-07-08,7,2025,C009,P037,D3 Formulations,2,24.34,0.1,43.81
12,2025-02-10,2,2025,C039,P058,Multiple Formulas,2,32.82,0.2,52.51
12,2025-02-10,2,2025,C039,P016,Minerals,1,33.91,0.2,27.13
12,2025-02-10,2,2025,C039,P009,Essential Fatty Acids,4,15.79,0.2,50.53
13,2025-03-11,3,2025,C102,P058,Multiple Formulas,5,32.82,0.15,139.48
13,2025-03-11,3,2025,C102,P040,C Formulations,1,8.62,0.15,7.33
13,2025-03-11,3,2025,C102,P134,Minerals,3,22.53,0.15,57.45
14,2025-11-06,11,2025,C100,P093,B Formulations,5,27.65,0.1,124.42
14,2025-11-06,11,2025,C100,P152,C Formulations,10,29.15,0.1,262.35
14,2025-11-06,11,2025,C100,P072,B Formulations,1,27.05,0.1,24.35
14,2025-11-06,11,2025,C100,P014,C Formulations,4,16.55,0.1,59.58
15,2025-08-29,8,2025,C067,P078,D3 Formulations,4,10.69,0.0,42.76
15,2025-08-29,8,2025,C067,P104,D3 Formulations,1,31.87,0.0,31.87
16,2025-01-19,1,2025,C123,P072,B Formulations,5,27.05,0.1,121.72
17,2025-12-18,12,2025,C133,P232,D3 Formulations,1,6.77,0.12,5.96
17,2025-12-18,12,2025,C133,P133,Multiple Formulas,2,26.18,0.12,46.08
18,2025-06-05,6,2025,C149,P211,Essential Fatty Acids,4,7.18,0.12,25.27
18,2025-06-05,6,2025,C149,P186,Minerals,1,18.73,0.12,16.48
18,2025-06-05,6,2025,C149,P129,D3 Formulations,2,15.19,0.12,26.73
18,2025-06-05,6,2025,C149,P124,Essential Fatty Acids,2,33.94,0.12,59.73
19,2025-08-26,8,2025,C152,P007,Minerals,1,12.44,0.15,10.57
19,2025-08-26,8,2025,C152,P005,C Formulations,1,20.81,0.15,17.69
19,2025-08-26,8,2025,C152,P202,Nutritional Accessories,1,22.08,0.15,18.77
19,2025-08-26,8,2025,C152,P113,Nutritional Accessories,3,6.71,0.15,17.11
20,2025-10-09,10,2025,C175,P247,Multiple Formulas,2,6.53,0.15,11.1
20,2025-10-09,10,2025,C175,P228,Herbs,2,25.1,0.15,42.67
20,2025-10-09,10,2025,C175,P134,Minerals,5,22.53,0.15,95.75
21,2025-10-08,10,2025,C156,P067,D3 Formulations,1,32.02,0.12,28.18
22,2025-11-30,11,2025,C101,P186,Minerals,1,18.73,0.12,16.48
22,2025-11-30,11,2025,C101,P181,Minerals,1,34.3,0.12,30.18
22,2025-11-30,11,2025,C101,P218,Minerals,5,11.02,0.12,48.49
22,2025-11-30,11,2025,C101,P024,Nutritional Accessories,2,7.49,0.12,13.18
23,2025-09-08,9,2025,C031,P073,Multiple Formulas,2,32.02,0.1,57.64
23,2025-09-08,9,2025,C031,P052,Herbs,1,26.04,0.1,23.44
23,2025-09-08,9,2025,C031,P147,C Formulations,3,29.49,0.1,79.62
24,2025-12-29,12,2025,C151,P022,Minerals,3,23.68,0.12,62.52
24,2025-12-29,12,2025,C151,P043,B Formulations,1,11.41,0.12,10.04
24,2025-12-29,12,2025,C151,P113,Nutritional Accessories,5,6.71,0.12,29.52
25,2025-09-03,9,2025,C104,P195,Essential Fatty Acids,2,13.26,0.1,23.87
25,2025-09-03,9,2025,C104,P246,Herbs,3,8.92,0.1,24.08
25,2025-09-03,9,2025,C104,P045,D3 Formulations,1,23.14,0.1,20.83
25,2025-09-03,9,2025,C104,P242,Essential Fatty Acids,2,33.87,0.1,60.97
25,2025-09-03,9,2025,C104,P141,Nutritional Accessories,4,27.48,0.1,98.93
25,2025-09-03,9,2025,C104,P002,D3 Formulations,3,29.72,0.1,80.24
25,2025-09-03,9,2025,C104,P102,B Formulations,2,34.22,0.1,61.6
25,2025-09-03,9,2025,C104,P026,Herbs,3,32.34,0.1,87.32
26,2025-08-27,8,2025,C058,P141,Nutritional Accessories,1,27.48,0.15,23.36
27,2025-06-04,6,2025,C053,P045,D3 Formulations,1,23.14,0.15,19.67
28,2025-05-03,5,2025,C144,P032,Multiple Formulas,6,25.49,0.05,145.29
28,2025-05-03,5,2025,C144,P011,C Formulations,2,15.37,0.05,29.2
29,2025-01-17,1,2025,C027,P118,Herbs,4,32.53,0.1,117.11
29,2025-01-17,1,2025,C027,P247,Multiple Formulas,1,6.53,0.1,5.88
30,2025-04-24,4,2025,C133,P065,Essential Fatty Acids,2,13.01,0.1,23.42
31,2025-11-11,11,2025,C039,P139,Essential Fatty Acids,2,21.03,0.0,42.06
31,2025-11-11,11,2025,C039,P136,Minerals,1,23.84,0.0,23.84
31,2025-11-11,11,2025,C039,P091,Nutritional Accessories,3,12.88,0.0,38.64
31,2025-11-11,11,2025,C039,P060,Minerals,1,13.48,0.0,13.48
31,2025-11-11,11,2025,C039,P152,C Formulations,5,29.15,0.0,145.75
31,2025-11-11,11,2025,C039,P050,Herbs,3,24.71,0.0,74.13
31,2025-11-11,11,2025,C039,P186,Minerals,2,18.73,0.0,37.46
31,2025-11-11,11,2025,C039,P070,Herbs,2,15.83,0.0,31.66
32,2025-08-29,8,2025,C166,P114,Herbs,2,24.72,0.1,44.5
32,2025-08-29,8,2025,C166,P161,Essential Fatty Acids,2,7.04,0.1,12.67
33,2025-08-07,8,2025,C070,P235,D3 Formulations,1,22.69,0.0,22.69
33,2025-08-07,8,2025,C070,P049,Herbs,2,12.57,0.0,25.14
33,2025-08-07,8,2025,C070,P167,Nutritional Accessories,5,7.08,0.0,35.4
33,2025-08-07,8,2025,C070,P071,B Formulations,1,16.13,0.0,16.13
33,2025-08-07,8,2025,C070,P195,Essential Fatty Acids,1,13.26,0.0,13.26
34,2025-03-15,3,2025,C068,P228,Herbs,2,25.1,0.1,45.18
34,2025-03-15,3,2025,C068,P207,Nutritional Accessories,1,27.98,0.1,25.18
34,2025-03-15,3,2025,C068,P232,D3 Formulations,3,6.77,0.1,18.28
35,2025-05-13,5,2025,C023,P184,C Formulations,1,29.06,0.12,25.57
36,2025-12-29,12,2025,C124,P163,Nutritional Accessories,2,21.74,0.05,41.31
36,2025-12-29,12,2025,C124,P121,Nutritional Accessories,1,32.92,0.05,31.27
36,2025-12-29,12,2025,C124,P008,Minerals,3,9.48,0.05,27.02
37,2025-01-29,1,2025,C127,P204,Multiple Formulas,1,18.17,0.12,15.99
37,2025-01-29,1,2025,C127,P231,Herbs,1,24.63,0.12,21.67
37,2025-01-29,1,2025,C127,P097,B Formulations,1,22.48,0.12,19.78
37,2025-01-29,1,2025,C127,P168,Essential Fatty Acids,5,29.86,0.12,131.38
37,2025-01-29,1,2025,C127,P121,Nutritional Accessories,1,32.92,0.12,28.97
37,2025-01-29,1,2025,C127,P150,Nutritional Accessories,3,20.83,0.12,54.99
37,2025-01-29,1,2025,C127,P079,Essential Fatty Acids,10,32.06,0.12,282.13
37,2025-01-29,1,2025,C127,P002,D3 Formulations,4,29.72,0.12,104.61
37,2025-01-29,1,2025,C127,P005,C Formulations,1,20.81,0.12,18.31
37,2025-01-29,1,2025,C127,P166,Multiple Formulas,5,6.88,0.12,30.27
37,2025-01-29,1,2025,C127,P170,Herbs,1,9.68,0.12,8.52
37,2025-01-29,1,2025,C127,P071,B Formulations,2,16.13,0.12,28.39
37,2025-01-29,1,2025,C127,P086,C Formulations,5,21.91,0.12,96.4
37,2025-01-29,1,2025,C127,P092,D3 Formulations,3,15.44,0.12,40.76
37,2025-01-29,1,2025,C127,P062,Essential Fatty Acids,2,29.7,0.12,52.27
38,2025-06-26,6,2025,C063,P186,Minerals,1,18.73,0.1,16.86
38,2025-06-26,6,2025,C063,P070,Herbs,4,15.83,0.1,56.99
39,2025-08-30,8,2025,C090,P020,C Formulations,3,14.26,0.15,36.36
39,2025-08-30,8,2025,C090,P129,D3 Formulations,1,15.19,0.15,12.91
39,2025-08-30,8,2025,C090,P087,Herbs,2,26.06,0.15,44.3
40,2025-02-18,2,2025,C076,P008,Minerals,1,9.48,0.1,8.53
41,2025-04-22,4,2025,C046,P196,B Formulations,4,21.93,0.05,83.33
41,2025-04-22,4,2025,C046,P195,Essential Fatty Acids,3,13.26,0.05,37.79
41,2025-04-22,4,2025,C046,P015,Nutritional Accessories,1,34.18,0.05,32.47
41,2025-04-22,4,2025,C046,P186,Minerals,2,18.73,0.05,35.59
42,2025-09-15,9,2025,C120,P100,Minerals,2,13.69,0.05,26.01
43,2025-12-19,12,2025,C167,P098,D3 Formulations,1,8.72,0.12,7.67
43,2025-12-19,12,2025,C167,P195,Essential Fatty Acids,3,13.26,0.12,35.01
43,2025-12-19,12,2025,C167,P186,Minerals,5,18.73,0.12,82.41
43,2025-12-19,12,2025,C167,P149,Multiple Formulas,3,32.48,0.12,85.75
43,2025-12-19,12,2025,C167,P157,Essential Fatty Acids,2,15.8,0.12,27.81
43,2025-12-19,12,2025,C167,P089,D3 Formulations,6,12.5,0.12,66.0
43,2025-12-19,12,2025,C167,P142,Multiple Formulas,3,26.21,0.12,69.19
43,2025-12-19,12,2025,C167,P153,Multiple Formulas,1,24.85,0.12,21.87
44,2025-12-09,12,2025,C153,P100,Minerals,10,13.69,0.1,123.21
44,2025-12-09,12,2025,C153,P241,B Formulations,2,17.2,0.1,30.96
44,2025-12-09,12,2025,C153,P143,D3 Formulations,1,26.37,0.1,23.73
44,2025-12-09,12,2025,C153,P186,Minerals,1,18.73,0.1,16.86
45,2025-01-10,1,2025,C031,P089,D3 Formulations,4,12.5,0.1,45.0
45,2025-01-10,1,2025,C031,P137,Multiple Formulas,3,34.71,0.1,93.72
45,2025-01-10,1,2025,C031,P133,Multiple Formulas,1,26.18,0.1,23.56
45,2025-01-10,1,2025,C031,P171,Nutritional Accessories,1,21.15,0.1,19.04
45,2025-01-10,1,2025,C031,P191,Essential Fatty Acids,2,26.18,0.1,47.12
45,2025-01-10,1,2025,C031,P206,Minerals,2,16.32,0.1,29.38
45,2025-01-10,1,2025,C031,P051,Essential Fatty Acids,3,11.06,0.1,29.86
45,2025-01-10,1,2025,C031,P084,Nutritional Accessories,2,6.15,0.1,11.07
46,2025-06-07,6,2025,C098,P247,Multiple Formulas,5,6.53,0.12,28.73
47,2025-12-29,12,2025,C043,P014,C Formulations,3,16.55,0.15,42.2
47,2025-12-29,12,2025,C043,P219,Nutritional Accessories,3,18.58,0.15,47.38
47,2025-12-29,12,2025,C043,P106,B Formulations,1,29.05,0.15,24.69
48,2025-07-07,7,2025,C139,P238,Herbs,1,19.29,0.1,17.36
49,2025-05-06,5,2025,C132,P110,Essential Fatty Acids,1,11.66,0.1,10.49
49,2025-05-06,5,2025,C132,P082,D3 Formulations,4,8.94,0.1,32.18
49,2025-05-06,5,2025,C132,P080,D3 Formulations,1,23.59,0.1,21.23
49,2025-05-06,5,2025,C132,P242,Essential Fatty Acids,1,33.87,0.1,30.48
49,2025-05-06,5,2025,C132,P046,D3 Formulations,2,25.65,0.1,46.17
50,2025-01-05,1,2025,C096,P030,D3 Formulations,1,34.58,0.1,31.12
51,2025-03-24,3,2025,C027,P212,Essential Fatty Acids,1,30.81,0.15,26.19
51,2025-03-24,3,2025,C027,P122,Minerals,4,18.42,0.15,62.63
51,2025-03-24,3,2025,C027,P018,Nutritional Accessories,2,20.42,0.15,34.71
51,2025-03-24,3,2025,C027,P125,Minerals,4,30.74,0.15,104.52
51,2025-03-24,3,2025,C027,P240,Nutritional Accessories,4,33.3,0.15,113.22
52,2025-02-26,2,2025,C054,P025,D3 Formulations,3,14.08,0.12,37.17
52,2025-02-26,2,2025,C054,P056,D3 Formulations,1,15.89,0.12,13.98
53,2025-10-11,10,2025,C119,P028,B Formulations,3,10.2,0.0,30.6
54,2025-01-27,1,2025,C032,P143,D3 Formulations,2,26.37,0.05,50.1
55,2025-05-14,5,2025,C074,P049,Herbs,4,12.57,0.05,47.77
55,2025-05-14,5,2025,C074,P195,Essential Fatty Acids,1,13.26,0.05,12.6
55,2025-05-14,5,2025,C074,P076,B Formulations,3,24.62,0.05,70.17
56,2025-11-16,11,2025,C071,P010,B Formulations,1,33.34,0.0,33.34
56,2025-11-16,11,2025,C071,P153,Multiple Formulas,1,24.85,0.0,24.85
57,2025-01-13,1,2025,C090,P173,C Formulations,1,12.26,0.15,10.42
57,2025-01-13,1,2025,C090,P170,Herbs,3,9.68,0.15,24.68
57,2025-01-13,1,2025,C090,P198,D3 Formulations,2,25.15,0.15,42.76
58,2025-03-22,3,2025,C118,P125,Minerals,2,30.74,0.05,58.41
59,2025-01-24,1,2025,C026,P024,Nutritional Accessories,2,7.49,0.05,14.23
59,2025-01-24,1,2025,C026,P066,B Formulations,1,8.7,0.05,8.26
59,2025-01-24,1,2025,C026,P200,C Formulations,2,33.69,0.05,64.01
59,2025-01-24,1,2025,C026,P028,B Formulations,6,10.2,0.05,58.14
60,2025-08-27,8,2025,C007,P187,B Formulations,1,8.28,0.2,6.62
60,2025-08-27,8,2025,C007,P149,Multiple Formulas,5,32.48,0.2,129.92
60,2025-08-27,8,2025,C007,P185,Multiple Formulas,6,13.85,0.2,66.48
60,2025-08-27,8,2025,C007,P200,C Formulations,3,33.69,0.2,80.86
60,2025-08-27,8,2025,C007,P029,Nutritional Accessories,6,20.19,0.2,96.91
60,2025-08-27,8,2025,C007,P166,Multiple Formulas,2,6.88,0.2,11.01
60,2025-08-27,8,2025,C007,P223,Herbs,6,7.31,0.2,35.09
60,2025-08-27,8,2025,C007,P237,Herbs,3,24.66,0.2,59.18
61,2025-05-12,5,2025,C116,P054,D3 Formulations,4,33.17,0.12,116.76
62,2025-10-31,10,2025,C132,P083,Minerals,1,25.24,0.05,23.98
62,2025-10-31,10,2025,C132,P070,Herbs,2,15.83,0.05,30.08
62,2025-10-31,10,2025,C132,P057,Nutritional Accessories,1,9.29,0.05,8.83
62,2025-10-31,10,2025,C132,P037,D3 Formulations,2,24.34,0.05,46.25
63,2025-08-08,8,2025,C140,P141,Nutritional Accessories,4,27.48,0.12,96.73
63,2025-08-08,8,2025,C140,P126,Nutritional Accessories,2,14.54,0.12,25.59
64,2025-04-22,4,2025,C055,P008,Minerals,2,9.48,0.1,17.06
64,2025-04-22,4,2025,C055,P177,C Formulations,3,21.41,0.1,57.81
64,2025-04-22,4,2025,C055,P101,Essential Fatty Acids,3,13.08,0.1,35.32
65,2025-01-25,1,2025,C077,P078,D3 Formulations,3,10.69,0.2,25.66
65,2025-01-25,1,2025,C077,P232,D3 Formulations,1,6.77,0.2,5.42
66,2025-06-07,6,2025,C046,P220,Essential Fatty Acids,3,17.56,0.12,46.36
66,2025-06-07,6,2025,C046,P086,C Formulations,2,21.91,0.12,38.56
66,2025-06-07,6,2025,C046,P134,Minerals,3,22.53,0.12,59.48
66,2025-06-07,6,2025,C046,P024,Nutritional Accessories,1,7.49,0.12,6.59
66,2025-06-07,6,2025,C046,P224,D3 Formulations,2,16.86,0.12,29.67
66,2025-06-07,6,2025,C046,P070,Herbs,2,15.83,0.12,27.86
66,2025-06-07,6,2025,C046,P130,D3 Formulations,1,10.92,0.12,9.61
66,2025-06-07,6,2025,C046,P021,Herbs,1,7.07,0.12,6.22
67,2025-04-02,4,2025,C161,P034,B Formulations,1,12.89,0.1,11.6
67,2025-04-02,4,2025,C161,P093,B Formulations,3,27.65,0.1,74.65
67,2025-04-02,4,2025,C161,P199,Minerals,1,14.12,0.1,12.71
68,2025-07-01,7,2025,C110,P105,B Formulations,3,24.3,0.15,61.96
68,2025-07-01,7,2025,C110,P108,D3 Formulations,1,22.73,0.15,19.32
68,2025-07-01,7,2025,C110,P003,Minerals,1,30.96,0.15,26.32
68,2025-07-01,7,2025,C110,P223,Herbs,2,7.31,0.15,12.43
68,2025-07-01,7,2025,C110,P027,Herbs,1,12.95,0.15,11.01
68,2025-07-01,7,2025,C110,P100,Minerals,1,13.69,0.15,11.64
68,2025-07-01,7,2025,C110,P153,Multiple Formulas,2,24.85,0.15,42.24
68,2025-07-01,7,2025,C110,P168,Essential Fatty Acids,2,29.86,0.15,50.76
68,2025-07-01,7,2025,C110,P206,Minerals,10,16.32,0.15,138.72
68,2025-07-01,7,2025,C110,P198,D3 Formulations,1,25.15,0.15,21.38
69,2025-08-17,8,2025,C066,P154,C Formulations,1,26.36,0.0,26.36
70,2025-12-11,12,2025,C138,P177,C Formulations,6,21.41,0.1,115.61
70,2025-12-11,12,2025,C138,P203,Essential Fatty Acids,4,23.74,0.1,85.46
70,2025-12-11,12,2025,C138,P155,Minerals,2,29.08,0.1,52.34
70,2025-12-11,12,2025,C138,P165,B Formulations,3,23.13,0.1,62.45
70,2025-12-11,12,2025,C138,P054,D3 Formulations,2,33.17,0.1,59.71
70,2025-12-11,12,2025,C138,P186,Minerals,2,18.73,0.1,33.71
70,2025-12-11,12,2025,C138,P164,D3 Formulations,1,14.31,0.1,12.88
70,2025-12-11,12,2025,C138,P142,Multiple Formulas,3,26.21,0.1,70.77
70,2025-12-11,12,2025,C138,P137,Multiple Formulas,1,34.71,0.1,31.24
70,2025-12-11,12,2025,C138,P013,C Formulations,4,26.39,0.1,95.0
70,2025-12-11,12,2025,C138,P210,Minerals,4,7.33,0.1,26.39
70,2025-12-11,12,2025,C138,P153,Multiple Formulas,1,24.85,0.1,22.36
70,2025-12-11,12,2025,C138,P030,D3 Formulations,1,34.58,0.1,31.12
70,2025-12-11,12,2025,C138,P056,D3 Formulations,2,15.89,0.1,28.6
70,2025-12-11,12,2025,C138,P117,Multiple Formulas,2,33.66,0.1,60.59
71,2025-04-14,4,2025,C045,P105,B Formulations,1,24.3,0.12,21.38
71,2025-04-14,4,2025,C045,P069,D3 Formulations,1,24.36,0.12,21.44
71,2025-04-14,4,2025,C045,P184,C Formulations,1,29.06,0.12,25.57
72,2025-10-13,10,2025,C031,P216,Minerals,3,20.26,0.2,48.62
72,2025-10-13,10,2025,C031,P167,Nutritional Accessories,3,7.08,0.2,16.99
73,2025-08-29,8,2025,C088,P161,Essential Fatty Acids,6,7.04,0.1,38.02
73,2025-08-29,8,2025,C088,P079,Essential Fatty Acids,1,32.06,0.1,28.85
74,2025-07-18,7,2025,C147,P061,C Formulations,2,25.14,0.0,50.28
74,2025-07-18,7,2025,C147,P134,Minerals,4,22.53,0.0,90.12
74,2025-07-18,7,2025,C147,P060,Minerals,4,13.48,0.0,53.92
75,2025-05-08,5,2025,C105,P018,Nutritional Accessories,6,20.42,0.2,98.02
76,2025-06-21,6,2025,C086,P132,Minerals,2,33.15,0.15,56.36
76,2025-06-21,6,2025,C086,P105,B Formulations,2,24.3,0.15,41.31
76,2025-06-21,6,2025,C086,P153,Multiple Formulas,1,24.85,0.15,21.12
77,2025-07-10,7,2025,C010,P029,Nutritional Accessories,1,20.19,0.05,19.18
77,2025-07-10,7,2025,C010,P043,B Formulations,2,11.41,0.05,21.68
77,2025-07-10,7,2025,C010,P238,Herbs,2,19.29,0.05,36.65
77,2025-07-10,7,2025,C010,P081,Essential Fatty Acids,2,6.27,0.05,11.91
77,2025-07-10,7,2025,C010,P125,Minerals,4,30.74,0.05,116.81
77,2025-07-10,7,2025,C010,P022,Minerals,4,23.68,0.05,89.98
77,2025-07-10,7,2025,C010,P144,Nutritional Accessories,1,16.43,0.05,15.61
77,2025-07-10,7,2025,C010,P055,Essential Fatty Acids,6,9.99,0.05,56.94
78,2025-02-07,2,2025,C020,P162,Multiple Formulas,1,19.5,0.05,18.52
78,2025-02-07,2,2025,C020,P029,Nutritional Accessories,2,20.19,0.05,38.36
78,2025-02-07,2,2025,C020,P208,D3 Formulations,3,6.42,0.05,18.3
78,2025-02-07,2,2025,C020,P176,Herbs,10,7.5,0.05,71.25
79,2025-02-24,2,2025,C163,P060,Minerals,2,13.48,0.15,22.92
79,2025-02-24,2,2025,C163,P241,B Formulations,1,17.2,0.15,14.62
79,2025-02-24,2,2025,C163,P106,B Formulations,1,29.05,0.15,24.69
79,2025-02-24,2,2025,C163,P063,Minerals,2,22.1,0.15,37.57
80,2025-10-23,10,2025,C089,P209,Herbs,3,9.37,0.05,26.7
81,2025-04-27,4,2025,C017,P204,Multiple Formulas,2,18.17,0.12,31.98
82,2025-11-22,11,2025,C128,P129,D3 Formulations,1,15.19,0.12,13.37
82,2025-11-22,11,2025,C128,P045,D3 Formulations,2,23.14,0.12,40.73
82,2025-11-22,11,2025,C128,P042,Essential Fatty Acids,3,15.3,0.12,40.39
83,2025-09-03,9,2025,C037,P223,Herbs,2,7.31,0.1,13.16
84,2025-09-28,9,2025,C091,P061,C Formulations,3,25.14,0.1,67.88
84,2025-09-28,9,2025,C091,P157,Essential Fatty Acids,2,15.8,0.1,28.44
85,2025-01-10,1,2025,C149,P210,Minerals,2,7.33,0.05,13.93
85,2025-01-10,1,2025,C149,P005,C Formulations,5,20.81,0.05,98.85
85,2025-01-10,1,2025,C149,P072,B Formulations,1,27.05,0.05,25.7
85,2025-01-10,1,2025,C149,P052,Herbs,3,26.04,0.05,74.21
85,2025-01-10,1,2025,C149,P082,D3 Formulations,2,8.94,0.05,16.99
85,2025-01-10,1,2025,C149,P031,Minerals,1,13.02,0.05,12.37
85,2025-01-10,1,2025,C149,P123,B Formulations,4,34.03,0.05,129.31
85,2025-01-10,1,2025,C149,P127,B Formulations,2,17.17,0.05,32.62
85,2025-01-10,1,2025,C149,P172,Minerals,1,28.33,0.05,26.91
85,2025-01-10,1,2025,C149,P037,D3 Formulations,4,24.34,0.05,92.49
86,2025-05-24,5,2025,C095,P247,Multiple Formulas,2,6.53,0.12,11.49
86,2025-05-24,5,2025,C095,P123,B Formulations,1,34.03,0.12,29.95
86,2025-05-24,5,2025,C095,P075,Minerals,2,28.62,0.12,50.37
86,2025-05-24,5,2025,C095,P184,C Formulations,1,29.06,0.12,25.57
87,2025-10-25,10,2025,C001,P207,Nutritional Accessories,1,27.98,0.1,25.18
87,2025-10-25,10,2025,C001,P187,B Formulations,2,8.28,0.1,14.9
87,2025-10-25,10,2025,C001,P246,Herbs,2,8.92,0.1,16.06
87,2025-10-25,10,2025,C001,P001,Essential Fatty Acids,2,18.39,0.1,33.1
87,2025-10-25,10,2025,C001,P163,Nutritional Accessories,1,21.74,0.1,19.57
88,2025-09-25,9,2025,C012,P009,Essential Fatty Acids,6,15.79,0.05,90.0
88,2025-09-25,9,2025,C012,P075,Minerals,3,28.62,0.05,81.57
88,2025-09-25,9,2025,C012,P158,B Formulations,2,16.89,0.05,32.09
88,2025-09-25,9,2025,C012,P156,B Formulations,1,31.81,0.05,30.22
88,2025-09-25,9,2025,C012,P127,B Formulations,1,17.17,0.05,16.31
89,2025-03-26,3,2025,C006,P095,Herbs,2,30.63,0.12,53.91
89,2025-03-26,3,2025,C006,P179,Multiple Formulas,1,24.49,0.12,21.55
89,2025-03-26,3,2025,C006,P102,B Formulations,1,34.22,0.12,30.11
90,2025-03-28,3,2025,C106,P010,B Formulations,2,33.34,0.2,53.34
90,2025-03-28,3,2025,C106,P241,B Formulations,3,17.2,0.2,41.28
91,2025-04-26,4,2025,C125,P229,Multiple Formulas,1,10.73,0.0,10.73
92,2025-03-12,3,2025,C012,P068,Multiple Formulas,1,32.11,0.0,32.11
92,2025-03-12,3,2025,C012,P168,Essential Fatty Acids,2,29.86,0.0,59.72
92,2025-03-12,3,2025,C012,P093,B Formulations,3,27.65,0.0,82.95
92,2025-03-12,3,2025,C012,P213,Minerals,1,26.41,0.0,26.41
92,2025-03-12,3,2025,C012,P189,Essential Fatty Acids,6,33.92,0.0,203.52
92,2025-03-12,3,2025,C012,P013,C Formulations,10,26.39,0.0,263.9
92,2025-03-12,3,2025,C012,P216,Minerals,3,20.26,0.0,60.78
92,2025-03-12,3,2025,C012,P084,Nutritional Accessories,2,6.15,0.0,12.3
92,2025-03-12,3,2025,C012,P223,Herbs,3,7.31,0.0,21.93
92,2025-03-12,3,2025,C012,P009,Essential Fatty Acids,1,15.79,0.0,15.79
93,2025-02-03,2,2025,C164,P129,D3 Formulations,10,15.19,0.1,136.71
93,2025-02-03,2,2025,C164,P057,Nutritional Accessories,2,9.29,0.1,16.72
94,2025-10-09,10,2025,C071,P195,Essential Fatty Acids,2,13.26,0.2,21.22
94,2025-10-09,10,2025,C071,P190,Herbs,1,30.24,0.2,24.19
95,2025-07-09,7,2025,C121,P229,Multiple Formulas,2,10.73,0.0,21.46
96,2025-09-13,9,2025,C141,P025,D3 Formulations,3,14.08,0.1,38.02
96,2025-09-13,9,2025,C141,P188,Essential Fatty Acids,1,6.74,0.1,6.07
96,2025-09-13,9,2025,C141,P213,Minerals,10,26.41,0.1,237.69
96,2025-09-13,9,2025,C141,P031,Minerals,3,13.02,0.1,35.15
97,2025-12-20,12,2025,C160,P154,C Formulations,1,26.36,0.05,25.04
97,2025-12-20,12,2025,C160,P200,C Formulations,2,33.69,0.05,64.01
97,2025-12-20,12,2025,C160,P118,Herbs,1,32.53,0.05,30.9
98,2025-06-01,6,2025,C129,P134,Minerals,1,22.53,0.1,20.28
98,2025-06-01,6,2025,C129,P034,B Formulations,2,12.89,0.1,23.2
98,2025-06-01,6,2025,C129,P146,Essential Fatty Acids,2,29.47,0.1,53.05
98,2025-06-01,6,2025,C129,P051,Essential Fatty Acids,2,11.06,0.1,19.91
99,2025-10-28,10,2025,C080,P143,D3 Formulations,3,26.37,0.0,79.11
99,2025-10-28,10,2025,C080,P210,Minerals,4,7.33,0.0,29.32
99,2025-10-28,10,2025,C080,P223,Herbs,3,7.31,0.0,21.93
99,2025-10-28,10,2025,C080,P117,Multiple Formulas,3,33.66,0.0,100.98
99,2025-10-28,10,2025,C080,P031,Minerals,1,13.02,0.0,13.02
100,2025-05-25,5,2025,C106,P091,Nutritional Accessories,2,12.88,0.2,20.61
100,2025-05-25,5,2025,C106,P160,D3 Formulations,3,22.77,0.2,54.65
100,2025-05-25,5,2025,C106,P034,B Formulations,2,12.89,0.2,20.62
100,2025-05-25,5,2025,C106,P064,Multiple Formulas,2,21.36,0.2,34.18
101,2025-04-20,4,2025,C065,P191,Essential Fatty Acids,2,26.18,0.1,47.12
101,2025-04-20,4,2025,C065,P218,Minerals,4,11.02,0.1,39.67
101,2025-04-20,4,2025,C065,P094,Herbs,3,24.84,0.1,67.07
102,2025-01-07,1,2025,C124,P082,D3 Formulations,4,8.94,0.05,33.97
103,2025-09-13,9,2025,C141,P026,Herbs,3,32.34,0.05,92.17
103,2025-09-13,9,2025,C141,P218,Minerals,1,11.02,0.05,10.47
103,2025-09-13,9,2025,C141,P112,Essential Fatty Acids,1,14.14,0.05,13.43
104,2025-09-16,9,2025,C093,P182,Essential Fatty Acids,2,20.97,0.15,35.65
105,2025-01-01,1,2025,C128,P122,Minerals,6,18.42,0.12,97.26
106,2025-03-21,3,2025,C134,P192,C Formulations,1,17.86,0.12,15.72
106,2025-03-21,3,2025,C134,P001,Essential Fatty Acids,2,18.39,0.12,32.37
106,2025-03-21,3,2025,C134,P116,D3 Formulations,3,33.27,0.12,87.83
106,2025-03-21,3,2025,C134,P157,Essential Fatty Acids,1,15.8,0.12,13.9
107,2025-10-12,10,2025,C006,P233,D3 Formulations,1,22.99,0.12,20.23
107,2025-10-12,10,2025,C006,P154,C Formulations,1,26.36,0.12,23.2
107,2025-10-12,10,2025,C006,P174,D3 Formulations,5,24.06,0.12,105.86
107,2025-10-12,10,2025,C006,P099,Herbs,5,16.66,0.12,73.3
107,2025-10-12,10,2025,C006,P249,Multiple Formulas,5,25.81,0.12,113.56
108,2025-05-15,5,2025,C106,P014,C Formulations,2,16.55,0.15,28.14
108,2025-05-15,5,2025,C106,P159,Multiple Formulas,3,8.73,0.15,22.26
108,2025-05-15,5,2025,C106,P050,Herbs,1,24.71,0.15,21.0
108,2025-05-15,5,2025,C106,P117,Multiple Formulas,2,33.66,0.15,57.22
108,2025-05-15,5,2025,C106,P005,C Formulations,2,20.81,0.15,35.38
109,2025-09-17,9,2025,C129,P240,Nutritional Accessories,1,33.3,0.12,29.3
109,2025-09-17,9,2025,C129,P044,Nutritional Accessories,2,7.18,0.12,12.64
110,2025-06-05,6,2025,C129,P095,Herbs,1,30.63,0.1,27.57
110,2025-06-05,6,2025,C129,P235,D3 Formulations,3,22.69,0.1,61.26
110,2025-06-05,6,2025,C129,P156,B Formulations,5,31.81,0.1,143.14
110,2025-06-05,6,2025,C129,P186,Minerals,4,18.73,0.1,67.43
111,2025-08-20,8,2025,C155,P161,Essential Fatty Acids,2,7.04,0.1,12.67
112,2025-09-17,9,2025,C012,P051,Essential Fatty Acids,1,11.06,0.05,10.51
112,2025-09-17,9,2025,C012,P230,Minerals,5,8.05,0.05,38.24
112,2025-09-17,9,2025,C012,P001,Essential Fatty Acids,5,18.39,0.05,87.35
112,2025-09-17,9,2025,C012,P157,Essential Fatty Acids,1,15.8,0.05,15.01
113,2025-09-27,9,2025,C116,P078,D3 Formulations,1,10.69,0.2,8.55
113,2025-09-27,9,2025,C116,P157,Essential Fatty Acids,1,15.8,0.2,12.64
113,2025-09-27,9,2025,C116,P167,Nutritional Accessories,5,7.08,0.2,28.32
113,2025-09-27,9,2025,C116,P185,Multiple Formulas,2,13.85,0.2,22.16
113,2025-09-27,9,2025,C116,P216,Minerals,1,20.26,0.2,16.21
114,2025-06-10,6,2025,C150,P180,C Formulations,10,27.06,0.15,230.01
115,2025-04-15,4,2025,C156,P160,D3 Formulations,1,22.77,0.1,20.49
116,2025-03-26,3,2025,C021,P090,B Formulations,2,26.65,0.05,50.64
116,2025-03-26,3,2025,C021,P239,C Formulations,6,21.82,0.05,124.37
116,2025-03-26,3,2025,C021,P106,B Formulations,1,29.05,0.05,27.6
116,2025-03-26,3,2025,C021,P230,Minerals,1,8.05,0.05,7.65
116,2025-03-26,3,2025,C021,P107,Herbs,1,20.58,0.05,19.55
117,2025-06-04,6,2025,C082,P194,Essential Fatty Acids,2,10.54,0.15,17.92
117,2025-06-04,6,2025,C082,P229,Multiple Formulas,5,10.73,0.15,45.6
118,2025-02-21,2,2025,C041,P133,Multiple Formulas,1,26.18,0.05,24.87
118,2025-02-21,2,2025,C041,P135,Essential Fatty Acids,1,8.82,0.05,8.38
118,2025-02-21,2,2025,C041,P190,Herbs,1,30.24,0.05,28.73
118,2025-02-21,2,2025,C041,P017,D3 Formulations,10,13.3,0.05,126.35
119,2025-10-07,10,2025,C117,P013,C Formulations,2,26.39,0.12,46.45
119,2025-10-07,10,2025,C117,P216,Minerals,5,20.26,0.12,89.14
119,2025-10-07,10,2025,C117,P176,Herbs,1,7.5,0.12,6.6
119,2025-10-07,10,2025,C117,P153,Multiple Formulas,5,24.85,0.12,109.34
120,2025-08-25,8,2025,C041,P138,Multiple Formulas,3,10.06,0.0,30.18
120,2025-08-25,8,2025,C041,P055,Essential Fatty Acids,2,9.99,0.0,19.98
120,2025-08-25,8,2025,C041,P081,Essential Fatty Acids,3,6.27,0.0,18.81
120,2025-08-25,8,2025,C041,P162,Multiple Formulas,3,19.5,0.0,58.5
121,2025-04-15,4,2025,C005,P104,D3 Formulations,2,31.87,0.15,54.18
121,2025-04-15,4,2025,C005,P142,Multiple Formulas,3,26.21,0.15,66.84
121,2025-04-15,4,2025,C005,P097,B Formulations,3,22.48,0.15,57.32
121,2025-04-15,4,2025,C005,P154,C Formulations,1,26.36,0.15,22.41
121,2025-04-15,4,2025,C005,P167,Nutritional Accessories,1,7.08,0.15,6.02
122,2025-10-10,10,2025,C100,P226,B Formulations,1,20.59,0.1,18.53
122,2025-10-10,10,2025,C100,P107,Herbs,1,20.58,0.1,18.52
122,2025-10-10,10,2025,C100,P052,Herbs,4,26.04,0.1,93.74
122,2025-10-10,10,2025,C100,P008,Minerals,1,9.48,0.1,8.53
122,2025-10-10,10,2025,C100,P113,Nutritional Accessories,2,6.71,0.1,12.08
123,2025-12-02,12,2025,C103,P069,D3 Formulations,4,24.36,0.05,92.57
123,2025-12-02,12,2025,C103,P240,Nutritional Accessories,4,33.3,0.05,126.54
123,2025-12-02,12,2025,C103,P196,B Formulations,2,21.93,0.05,41.67
123,2025-12-02,12,2025,C103,P206,Minerals,1,16.32,0.05,15.5
123,2025-12-02,12,2025,C103,P004,Essential Fatty Acids,1,6.2,0.05,5.89
123,2025-12-02,12,2025,C103,P078,D3 Formulations,3,10.69,0.05,30.47
123,2025-12-02,12,2025,C103,P123,B Formulations,2,34.03,0.05,64.66
123,2025-12-02,12,2025,C103,P056,D3 Formulations,3,15.89,0.05,45.29
123,2025-12-02,12,2025,C103,P087,Herbs,4,26.06,0.05,99.03
123,2025-12-02,12,2025,C103,P059,C Formulations,2,31.44,0.05,59.74
123,2025-12-02,12,2025,C103,P247,Multiple Formulas,1,6.53,0.05,6.2
123,2025-12-02,12,2025,C103,P235,D3 Formulations,6,22.69,0.05,129.33
123,2025-12-02,12,2025,C103,P104,D3 Formulations,2,31.87,0.05,60.55
123,2025-12-02,12,2025,C103,P095,Herbs,3,30.63,0.05,87.3
123,2025-12-02,12,2025,C103,P053,C Formulations,6,17.22,0.05,98.15
124,2025-02-15,2,2025,C077,P162,Multiple Formulas,5,19.5,0.15,82.88
124,2025-02-15,2,2025,C077,P060,Minerals,2,13.48,0.15,22.92
124,2025-02-15,2,2025,C077,P193,Multiple Formulas,2,11.03,0.15,18.75
125,2025-09-23,9,2025,C107,P154,C Formulations,2,26.36,0.2,42.18
126,2025-11-23,11,2025,C094,P066,B Formulations,2,8.7,0.1,15.66
126,2025-11-23,11,2025,C094,P149,Multiple Formulas,1,32.48,0.1,29.23
126,2025-11-23,11,2025,C094,P115,Essential Fatty Acids,2,11.14,0.1,20.05
126,2025-11-23,11,2025,C094,P061,C Formulations,2,25.14,0.1,45.25
126,2025-11-23,11,2025,C094,P113,Nutritional Accessories,1,6.71,0.1,6.04
126,2025-11-23,11,2025,C094,P128,Multiple Formulas,4,30.68,0.1,110.45
126,2025-11-23,11,2025,C094,P059,C Formulations,1,31.44,0.1,28.3
126,2025-11-23,11,2025,C094,P071,B Formulations,2,16.13,0.1,29.03
126,2025-11-23,11,2025,C094,P170,Herbs,2,9.68,0.1,17.42
126,2025-11-23,11,2025,C094,P046,D3 Formulations,10,25.65,0.1,230.85
126,2025-11-23,11,2025,C094,P237,Herbs,1,24.66,0.1,22.19
126,2025-11-23,11,2025,C094,P033,D3 Formulations,2,28.09,0.1,50.56
126,2025-11-23,11,2025,C094,P217,D3 Formulations,2,19.73,0.1,35.51
126,2025-11-23,11,2025,C094,P187,B Formulations,1,8.28,0.1,7.45
126,2025-11-23,11,2025,C094,P072,B Formulations,3,27.05,0.1,73.04
127,2025-07-26,7,2025,C016,P111,Nutritional Accessories,4,26.95,0.2,86.24
128,2025-07-01,7,2025,C041,P194,Essential Fatty Acids,1,10.54,0.15,8.96
128,2025-07-01,7,2025,C041,P032,Multiple Formulas,3,25.49,0.15,65.0
129,2025-09-20,9,2025,C117,P084,Nutritional Accessories,1,6.15,0.12,5.41
129,2025-09-20,9,2025,C117,P136,Minerals,2,23.84,0.12,41.96
129,2025-09-20,9,2025,C117,P103,B Formulations,1,17.4,0.12,15.31
129,2025-09-20,9,2025,C117,P245,Essential Fatty Acids,2,8.01,0.12,14.1
130,2025-07-17,7,2025,C170,P007,Minerals,2,12.44,0.12,21.89
130,2025-07-17,7,2025,C170,P096,Herbs,2,25.07,0.12,44.12
130,2025-07-17,7,2025,C170,P079,Essential Fatty Acids,3,32.06,0.12,84.64
131,2025-08-16,8,2025,C016,P165,B Formulations,1,23.13,0.12,20.35
131,2025-08-16,8,2025,C016,P014,C Formulations,5,16.55,0.12,72.82
131,2025-08-16,8,2025,C016,P216,Minerals,2,20.26,0.12,35.66
131,2025-08-16,8,2025,C016,P022,Minerals,1,23.68,0.12,20.84
132,2025-08-30,8,2025,C063,P010,B Formulations,3,33.34,0.12,88.02
132,2025-08-30,8,2025,C063,P182,Essential Fatty Acids,2,20.97,0.12,36.91
132,2025-08-30,8,2025,C063,P089,D3 Formulations,5,12.5,0.12,55.0
132,2025-08-30,8,2025,C063,P060,Minerals,1,13.48,0.12,11.86
133,2025-12-17,12,2025,C069,P115,Essential Fatty Acids,4,11.14,0.1,40.1
133,2025-12-17,12,2025,C069,P017,D3 Formulations,2,13.3,0.1,23.94
134,2025-06-08,6,2025,C011,P138,Multiple Formulas,3,10.06,0.1,27.16
134,2025-06-08,6,2025,C011,P129,D3 Formulations,2,15.19,0.1,27.34
134,2025-06-08,6,2025,C011,P221,C Formulations,6,23.86,0.1,128.84
134,2025-06-08,6,2025,C011,P201,Essential Fatty Acids,2,27.4,0.1,49.32
134,2025-06-08,6,2025,C011,P242,Essential Fatty Acids,5,33.87,0.1,152.42
135,2025-11-28,11,2025,C144,P239,C Formulations,1,21.82,0.2,17.46
135,2025-11-28,11,2025,C144,P102,B Formulations,6,34.22,0.2,164.26
135,2025-11-28,11,2025,C144,P177,C Formulations,4,21.41,0.2,68.51
135,2025-11-28,11,2025,C144,P147,C Formulations,3,29.49,0.2,70.78
136,2025-05-02,5,2025,C040,P158,B Formulations,2,16.89,0.1,30.4
136,2025-05-02,5,2025,C040,P100,Minerals,2,13.69,0.1,24.64
137,2025-03-27,3,2025,C110,P047,Nutritional Accessories,2,6.48,0.12,11.4
137,2025-03-27,3,2025,C110,P179,Multiple Formulas,3,24.49,0.12,64.65
138,2025-05-22,5,2025,C105,P032,Multiple Formulas,2,25.49,0.1,45.88
138,2025-05-22,5,2025,C105,P105,B Formulations,3,24.3,0.1,65.61
139,2025-05-02,5,2025,C053,P186,Minerals,3,18.73,0.12,49.45
139,2025-05-02,5,2025,C053,P010,B Formulations,1,33.34,0.12,29.34
139,2025-05-02,5,2025,C053,P102,B Formulations,1,34.22,0.12,30.11
139,2025-05-02,5,2025,C053,P243,D3 Formulations,2,32.26,0.12,56.78
139,2025-05-02,5,2025,C053,P100,Minerals,4,13.69,0.12,48.19
140,2025-03-07,3,2025,C099,P209,Herbs,1,9.37,0.12,8.25
141,2025-05-17,5,2025,C018,P052,Herbs,1,26.04,0.05,24.74
141,2025-05-17,5,2025,C018,P076,B Formulations,1,24.62,0.05,23.39
141,2025-05-17,5,2025,C018,P223,Herbs,1,7.31,0.05,6.94
142,2025-09-18,9,2025,C041,P233,D3 Formulations,1,22.99,0.12,20.23
143,2025-08-06,8,2025,C040,P207,Nutritional Accessories,4,27.98,0.05,106.32
144,2025-10-29,10,2025,C004,P242,Essential Fatty Acids,1,33.87,0.05,32.18
144,2025-10-29,10,2025,C004,P214,Essential Fatty Acids,4,19.75,0.05,75.05
144,2025-10-29,10,2025,C004,P141,Nutritional Accessories,4,27.48,0.05,104.42
145,2025-03-10,3,2025,C008,P021,Herbs,4,7.07,0.05,26.87
145,2025-03-10,3,2025,C008,P211,Essential Fatty Acids,6,7.18,0.05,40.93
145,2025-03-10,3,2025,C008,P235,D3 Formulations,1,22.69,0.05,21.56
146,2025-01-08,1,2025,C178,P221,C Formulations,1,23.86,0.05,22.67
147,2025-10-23,10,2025,C039,P032,Multiple Formulas,3,25.49,0.0,76.47
147,2025-10-23,10,2025,C039,P087,Herbs,1,26.06,0.0,26.06
147,2025-10-23,10,2025,C039,P215,C Formulations,1,8.84,0.0,8.84
148,2025-02-07,2,2025,C165,P067,D3 Formulations,1,32.02,0.1,28.82
148,2025-02-07,2,2025,C165,P164,D3 Formulations,1,14.31,0.1,12.88
149,2025-11-27,11,2025,C042,P206,Minerals,1,16.32,0.12,14.36
149,2025-11-27,11,2025,C042,P011,C Formulations,1,15.37,0.12,13.53
149,2025-11-27,11,2025,C042,P153,Multiple Formulas,1,24.85,0.12,21.87
149,2025-11-27,11,2025,C042,P175,Nutritional Accessories,1,8.48,0.12,7.46
150,2025-03-15,3,2025,C171,P150,Nutritional Accessories,1,20.83,0.05,19.79
150,2025-03-15,3,2025,C171,P102,B Formulations,4,34.22,0.05,130.04
150,2025-03-15,3,2025,C171,P014,C Formulations,1,16.55,0.05,15.72
151,2025-11-30,11,2025,C082,P029,Nutritional Accessories,1,20.19,0.12,17.77
151,2025-11-30,11,2025,C082,P136,Minerals,3,23.84,0.12,62.94
151,2025-11-30,11,2025,C082,P072,B Formulations,3,27.05,0.12,71.41
151,2025-11-30,11,2025,C082,P097,B Formulations,3,22.48,0.12,59.35
152,2025-01-11,1,2025,C047,P092,D3 Formulations,1,15.44,0.1,13.9
152,2025-01-11,1,2025,C047,P030,D3 Formulations,1,34.58,0.1,31.12
152,2025-01-11,1,2025,C047,P087,Herbs,3,26.06,0.1,70.36
153,2025-11-29,11,2025,C115,P194,Essential Fatty Acids,2,10.54,0.0,21.08
154,2025-09-01,9,2025,C031,P164,D3 Formulations,6,14.31,0.12,75.56
155,2025-02-02,2,2025,C024,P243,D3 Formulations,3,32.26,0.2,77.42
155,2025-02-02,2,2025,C024,P124,Essential Fatty Acids,4,33.94,0.2,108.61
156,2025-12-02,12,2025,C142,P143,D3 Formulations,1,26.37,0.1,23.73
156,2025-12-02,12,2025,C142,P015,Nutritional Accessories,1,34.18,0.1,30.76
156,2025-12-02,12,2025,C142,P092,D3 Formulations,3,15.44,0.1,41.69
156,2025-12-02,12,2025,C142,P225,B Formulations,1,24.15,0.1,21.74
156,2025-12-02,12,2025,C142,P248,Multiple Formulas,1,8.74,0.1,7.87
156,2025-12-02,12,2025,C142,P112,Essential Fatty Acids,2,14.14,0.1,25.45
156,2025-12-02,12,2025,C142,P184,C Formulations,4,29.06,0.1,104.62
156,2025-12-02,12,2025,C142,P122,Minerals,1,18.42,0.1,16.58
156,2025-12-02,12,2025,C142,P069,D3 Formulations,1,24.36,0.1,21.92
156,2025-12-02,12,2025,C142,P129,D3 Formulations,4,15.19,0.1,54.68
157,2025-01-14,1,2025,C020,P017,D3 Formulations,2,13.3,0.15,22.61
158,2025-07-29,7,2025,C041,P110,Essential Fatty Acids,5,11.66,0.2,46.64
159,2025-03-03,3,2025,C001,P140,Multiple Formulas,5,31.44,0.2,125.76
159,2025-03-03,3,2025,C001,P110,Essential Fatty Acids,2,11.66,0.2,18.66
159,2025-03-03,3,2025,C001,P081,Essential Fatty Acids,1,6.27,0.2,5.02
159,2025-03-03,3,2025,C001,P095,Herbs,2,30.63,0.2,49.01
160,2025-11-06,11,2025,C043,P192,C Formulations,3,17.86,0.1,48.22
160,2025-11-06,11,2025,C043,P037,D3 Formulations,5,24.34,0.1,109.53
160,2025-11-06,11,2025,C043,P239,C Formulations,4,21.82,0.1,78.55
160,2025-11-06,11,2025,C043,P070,Herbs,4,15.83,0.1,56.99
160,2025-11-06,11,2025,C043,P074,B Formulations,1,31.73,0.1,28.56
160,2025-11-06,11,2025,C043,P186,Minerals,5,18.73,0.1,84.29
160,2025-11-06,11,2025,C043,P159,Multiple Formulas,1,8.73,0.1,7.86
160,2025-11-06,11,2025,C043,P218,Minerals,5,11.02,0.1,49.59
160,2025-11-06,11,2025,C043,P132,Minerals,1,33.15,0.1,29.84
160,2025-11-06,11,2025,C043,P187,B Formulations,2,8.28,0.1,14.9
161,2025-02-28,2,2025,C109,P045,D3 Formulations,1,23.14,0.1,20.83
161,2025-02-28,2,2025,C109,P084,Nutritional Accessories,2,6.15,0.1,11.07
161,2025-02-28,2,2025,C109,P087,Herbs,3,26.06,0.1,70.36
162,2025-03-18,3,2025,C087,P200,C Formulations,2,33.69,0.12,59.29
162,2025-03-18,3,2025,C087,P189,Essential Fatty Acids,5,33.92,0.12,149.25
162,2025-03-18,3,2025,C087,P022,Minerals,1,23.68,0.12,20.84
163,2025-01-31,1,2025,C051,P069,D3 Formulations,4,24.36,0.12,85.75
163,2025-01-31,1,2025,C051,P243,D3 Formulations,1,32.26,0.12,28.39
163,2025-01-31,1,2025,C051,P067,D3 Formulations,4,32.02,0.12,112.71
163,2025-01-31,1,2025,C051,P165,B Formulations,1,23.13,0.12,20.35
163,2025-01-31,1,2025,C051,P172,Minerals,2,28.33,0.12,49.86
163,2025-01-31,1,2025,C051,P194,Essential Fatty Acids,2,10.54,0.12,18.55
163,2025-01-31,1,2025,C051,P135,Essential Fatty Acids,3,8.82,0.12,23.28
163,2025-01-31,1,2025,C051,P156,B Formulations,1,31.81,0.12,27.99
163,2025-01-31,1,2025,C051,P127,B Formulations,1,17.17,0.12,15.11
163,2025-01-31,1,2025,C051,P024,Nutritional Accessories,2,7.49,0.12,13.18
164,2025-12-25,12,2025,C046,P126,Nutritional Accessories,4,14.54,0.1,52.34
164,2025-12-25,12,2025,C046,P193,Multiple Formulas,1,11.03,0.1,9.93
164,2025-12-25,12,2025,C046,P055,Essential Fatty Acids,2,9.99,0.1,17.98
164,2025-12-25,12,2025,C046,P185,Multiple Formulas,2,13.85,0.1,24.93
164,2025-12-25,12,2025,C046,P184,C Formulations,2,29.06,0.1,52.31
164,2025-12-25,12,2025,C046,P140,Multiple Formulas,2,31.44,0.1,56.59
164,2025-12-25,12,2025,C046,P059,C Formulations,4,31.44,0.1,113.18
164,2025-12-25,12,2025,C046,P227,Minerals,1,30.84,0.1,27.76
165,2025-03-16,3,2025,C034,P055,Essential Fatty Acids,2,9.99,0.1,17.98
165,2025-03-16,3,2025,C034,P109,Herbs,4,20.28,0.1,73.01
165,2025-03-16,3,2025,C034,P034,B Formulations,5,12.89,0.1,58.0
165,2025-03-16,3,2025,C034,P101,Essential Fatty Acids,6,13.08,0.1,70.63
165,2025-03-16,3,2025,C034,P178,C Formulations,5,21.68,0.1,97.56
166,2025-08-11,8,2025,C022,P090,B Formulations,1,26.65,0.1,23.98
166,2025-08-11,8,2025,C022,P002,D3 Formulations,2,29.72,0.1,53.5
167,2025-10-02,10,2025,C118,P223,Herbs,6,7.31,0.15,37.28
168,2025-04-25,4,2025,C082,P003,Minerals,1,30.96,0.2,24.77
169,2025-11-11,11,2025,C177,P193,Multiple Formulas,1,11.03,0.1,9.93
169,2025-11-11,11,2025,C177,P213,Minerals,2,26.41,0.1,47.54
169,2025-11-11,11,2025,C177,P066,B Formulations,1,8.7,0.1,7.83
169,2025-11-11,11,2025,C177,P249,Multiple Formulas,1,25.81,0.1,23.23
169,2025-11-11,11,2025,C177,P061,C Formulations,4,25.14,0.1,90.5
169,2025-11-11,11,2025,C177,P194,Essential Fatty Acids,1,10.54,0.1,9.49
169,2025-11-11,11,2025,C177,P005,C Formulations,3,20.81,0.1,56.19
169,2025-11-11,11,2025,C177,P022,Minerals,4,23.68,0.1,85.25
170,2025-11-12,11,2025,C123,P084,Nutritional Accessories,3,6.15,0.2,14.76
171,2025-02-12,2,2025,C004,P220,Essential Fatty Acids,1,17.56,0.0,17.56
171,2025-02-12,2,2025,C004,P150,Nutritional Accessories,3,20.83,0.0,62.49
172,2025-03-11,3,2025,C066,P108,D3 Formulations,1,22.73,0.12,20.0
173,2025-06-21,6,2025,C063,P195,Essential Fatty Acids,1,13.26,0.05,12.6
173,2025-06-21,6,2025,C063,P207,Nutritional Accessories,2,27.98,0.05,53.16
173,2025-06-21,6,2025,C063,P168,Essential Fatty Acids,2,29.86,0.05,56.73
173,2025-06-21,6,2025,C063,P236,D3 Formulations,1,17.26,0.05,16.4
174,2025-05-01,5,2025,C142,P204,Multiple Formulas,6,18.17,0.12,95.94
174,2025-05-01,5,2025,C142,P173,C Formulations,3,12.26,0.12,32.37
175,2025-01-08,1,2025,C052,P162,Multiple Formulas,1,19.5,0.15,16.58
175,2025-01-08,1,2025,C052,P116,D3 Formulations,1,33.27,0.15,28.28
175,2025-01-08,1,2025,C052,P195,Essential Fatty Acids,1,13.26,0.15,11.27
176,2025-05-09,5,2025,C174,P059,C Formulations,1,31.44,0.1,28.3
176,2025-05-09,5,2025,C174,P088,Multiple Formulas,4,24.91,0.1,89.68
176,2025-05-09,5,2025,C174,P016,Minerals,6,33.91,0.1,183.11
177,2025-01-28,1,2025,C146,P205,D3 Formulations,10,13.18,0.1,118.62
177,2025-01-28,1,2025,C146,P107,Herbs,1,20.58,0.1,18.52
177,2025-01-28,1,2025,C146,P215,C Formulations,2,8.84,0.1,15.91
178,2025-03-02,3,2025,C152,P025,D3 Formulations,2,14.08,0.1,25.34
178,2025-03-02,3,2025,C152,P239,C Formulations,1,21.82,0.1,19.64
178,2025-03-02,3,2025,C152,P173,C Formulations,4,12.26,0.1,44.14
179,2025-03-21,3,2025,C175,P073,Multiple Formulas,3,32.02,0.12,84.53
179,2025-03-21,3,2025,C175,P157,Essential Fatty Acids,3,15.8,0.12,41.71
179,2025-03-21,3,2025,C175,P059,C Formulations,4,31.44,0.12,110.67
179,2025-03-21,3,2025,C175,P106,B Formulations,5,29.05,0.12,127.82
180,2025-12-10,12,2025,C165,P033,D3 Formulations,4,28.09,0.0,112.36
180,2025-12-10,12,2025,C165,P187,B Formulations,2,8.28,0.0,16.56
181,2025-11-27,11,2025,C049,P096,Herbs,5,25.07,0.0,125.35
182,2025-09-17,9,2025,C015,P203,Essential Fatty Acids,5,23.74,0.05,112.76
182,2025-09-17,9,2025,C015,P233,D3 Formulations,1,22.99,0.05,21.84
182,2025-09-17,9,2025,C015,P055,Essential Fatty Acids,2,9.99,0.05,18.98
182,2025-09-17,9,2025,C015,P089,D3 Formulations,1,12.5,0.05,11.88
183,2025-09-09,9,2025,C063,P083,Minerals,6,25.24,0.12,133.27
183,2025-09-09,9,2025,C063,P047,Nutritional Accessories,2,6.48,0.12,11.4
183,2025-09-09,9,2025,C063,P057,Nutritional Accessories,3,9.29,0.12,24.53
183,2025-09-09,9,2025,C063,P245,Essential Fatty Acids,2,8.01,0.12,14.1
183,2025-09-09,9,2025,C063,P217,D3 Formulations,1,19.73,0.12,17.36
183,2025-09-09,9,2025,C063,P151,C Formulations,1,20.54,0.12,18.08
183,2025-09-09,9,2025,C063,P220,Essential Fatty Acids,2,17.56,0.12,30.91
183,2025-09-09,9,2025,C063,P064,Multiple Formulas,2,21.36,0.12,37.59
184,2025-05-30,5,2025,C039,P020,C Formulations,2,14.26,0.0,28.52
185,2025-07-27,7,2025,C180,P112,Essential Fatty Acids,2,14.14,0.0,28.28
186,2025-08-12,8,2025,C094,P141,Nutritional Accessories,3,27.48,0.05,78.32
186,2025-08-12,8,2025,C094,P231,Herbs,1,24.63,0.05,23.4
186,2025-08-12,8,2025,C094,P050,Herbs,2,24.71,0.05,46.95
186,2025-08-12,8,2025,C094,P079,Essential Fatty Acids,1,32.06,0.05,30.46
187,2025-12-14,12,2025,C084,P040,C Formulations,1,8.62,0.1,7.76
187,2025-12-14,12,2025,C084,P186,Minerals,1,18.73,0.1,16.86
188,2025-08-24,8,2025,C100,P032,Multiple Formulas,3,25.49,0.12,67.29
188,2025-08-24,8,2025,C100,P001,Essential Fatty Acids,6,18.39,0.12,97.1
188,2025-08-24,8,2025,C100,P131,D3 Formulations,2,22.15,0.12,38.98
189,2025-10-15,10,2025,C045,P227,Minerals,2,30.84,0.1,55.51
190,2025-12-30,12,2025,C098,P044,Nutritional Accessories,1,7.18,0.0,7.18
190,2025-12-30,12,2025,C098,P242,Essential Fatty Acids,2,33.87,0.0,67.74
191,2025-02-04,2,2025,C042,P098,D3 Formulations,1,8.72,0.1,7.85
191,2025-02-04,2,2025,C042,P169,Essential Fatty Acids,3,16.45,0.1,44.42
191,2025-02-04,2,2025,C042,P054,D3 Formulations,5,33.17,0.1,149.27
191,2025-02-04,2,2025,C042,P237,Herbs,1,24.66,0.1,22.19
191,2025-02-04,2,2025,C042,P201,Essential Fatty Acids,2,27.4,0.1,49.32
191,2025-02-04,2,2025,C042,P106,B Formulations,1,29.05,0.1,26.14
191,2025-02-04,2,2025,C042,P190,Herbs,1,30.24,0.1,27.22
191,2025-02-04,2,2025,C042,P209,Herbs,3,9.37,0.1,25.3
192,2025-02-06,2,2025,C123,P055,Essential Fatty Acids,2,9.99,0.1,17.98
192,2025-02-06,2,2025,C123,P173,C Formulations,4,12.26,0.1,44.14
192,2025-02-06,2,2025,C123,P017,D3 Formulations,10,13.3,0.1,119.7
192,2025-02-06,2,2025,C123,P126,Nutritional Accessories,4,14.54,0.1,52.34
193,2025-05-29,5,2025,C179,P091,Nutritional Accessories,1,12.88,0.0,12.88
193,2025-05-29,5,2025,C179,P155,Minerals,1,29.08,0.0,29.08
194,2025-07-14,7,2025,C051,P132,Minerals,1,33.15,0.05,31.49
194,2025-07-14,7,2025,C051,P218,Minerals,3,11.02,0.05,31.41
194,2025-07-14,7,2025,C051,P216,Minerals,1,20.26,0.05,19.25
194,2025-07-14,7,2025,C051,P185,Multiple Formulas,2,13.85,0.05,26.32
195,2025-07-21,7,2025,C117,P240,Nutritional Accessories,1,33.3,0.12,29.3
196,2025-10-24,10,2025,C175,P011,C Formulations,3,15.37,0.15,39.19
196,2025-10-24,10,2025,C175,P220,Essential Fatty Acids,6,17.56,0.15,89.56
197,2025-05-19,5,2025,C051,P079,Essential Fatty Acids,3,32.06,0.12,84.64
197,2025-05-19,5,2025,C051,P168,Essential Fatty Acids,4,29.86,0.12,105.11
197,2025-05-19,5,2025,C051,P019,Nutritional Accessories,2,14.73,0.12,25.92
197,2025-05-19,5,2025,C051,P177,C Formulations,2,21.41,0.12,37.68
197,2025-05-19,5,2025,C051,P233,D3 Formulations,1,22.99,0.12,20.23
198,2025-05-05,5,2025,C001,P249,Multiple Formulas,1,25.81,0.12,22.71
198,2025-05-05,5,2025,C001,P193,Multiple Formulas,1,11.03,0.12,9.71
199,2025-12-07,12,2025,C139,P083,Minerals,1,25.24,0.1,22.72
199,2025-12-07,12,2025,C139,P038,Multiple Formulas,5,24.37,0.1,109.66
200,2025-06-30,6,2025,C096,P128,Multiple Formulas,3,30.68,0.1,82.84
201,2025-04-05,4,2025,C107,P088,Multiple Formulas,1,24.91,0.12,21.92
201,2025-04-05,4,2025,C107,P187,B Formulations,2,8.28,0.12,14.57
202,2025-03-27,3,2025,C086,P147,C Formulations,2,29.49,0.2,47.18
202,2025-03-27,3,2025,C086,P107,Herbs,1,20.58,0.2,16.46
202,2025-03-27,3,2025,C086,P082,D3 Formulations,4,8.94,0.2,28.61
202,2025-03-27,3,2025,C086,P123,B Formulations,5,34.03,0.2,136.12
202,2025-03-27,3,2025,C086,P152,C Formulations,1,29.15,0.2,23.32
202,2025-03-27,3,2025,C086,P113,Nutritional Accessories,3,6.71,0.2,16.1
202,2025-03-27,3,2025,C086,P074,B Formulations,3,31.73,0.2,76.15
202,2025-03-27,3,2025,C086,P151,C Formulations,3,20.54,0.2,49.3
202,2025-03-27,3,2025,C086,P160,D3 Formulations,4,22.77,0.2,72.86
202,2025-03-27,3,2025,C086,P240,Nutritional Accessories,3,33.3,0.2,79.92
203,2025-04-23,4,2025,C083,P144,Nutritional Accessories,4,16.43,0.1,59.15
203,2025-04-23,4,2025,C083,P050,Herbs,3,24.71,0.1,66.72
203,2025-04-23,4,2025,C083,P121,Nutritional Accessories,3,32.92,0.1,88.88
204,2025-11-08,11,2025,C050,P213,Minerals,2,26.41,0.2,42.26
205,2025-10-03,10,2025,C167,P164,D3 Formulations,3,14.31,0.15,36.49
205,2025-10-03,10,2025,C167,P057,Nutritional Accessories,1,9.29,0.15,7.9
205,2025-10-03,10,2025,C167,P072,B Formulations,1,27.05,0.15,22.99
205,2025-10-03,10,2025,C167,P163,Nutritional Accessories,4,21.74,0.15,73.92
205,2025-10-03,10,2025,C167,P058,Multiple Formulas,2,32.82,0.15,55.79
205,2025-10-03,10,2025,C167,P033,D3 Formulations,2,28.09,0.15,47.75
205,2025-10-03,10,2025,C167,P144,Nutritional Accessories,1,16.43,0.15,13.97
205,2025-10-03,10,2025,C167,P157,Essential Fatty Acids,3,15.8,0.15,40.29
205,2025-10-03,10,2025,C167,P154,C Formulations,4,26.36,0.15,89.62
205,2025-10-03,10,2025,C167,P050,Herbs,5,24.71,0.15,105.02
206,2025-08-10,8,2025,C043,P137,Multiple Formulas,2,34.71,0.2,55.54
206,2025-08-10,8,2025,C043,P234,D3 Formulations,3,33.27,0.2,79.85
206,2025-08-10,8,2025,C043,P158,B Formulations,2,16.89,0.2,27.02
206,2025-08-10,8,2025,C043,P139,Essential Fatty Acids,2,21.03,0.2,33.65
207,2025-04-11,4,2025,C036,P095,Herbs,1,30.63,0.12,26.95
207,2025-04-11,4,2025,C036,P218,Minerals,1,11.02,0.12,9.7
208,2025-08-19,8,2025,C014,P217,D3 Formulations,1,19.73,0.1,17.76
208,2025-08-19,8,2025,C014,P224,D3 Formulations,2,16.86,0.1,30.35
208,2025-08-19,8,2025,C014,P157,Essential Fatty Acids,1,15.8,0.1,14.22
208,2025-08-19,8,2025,C014,P202,Nutritional Accessories,1,22.08,0.1,19.87
208,2025-08-19,8,2025,C014,P206,Minerals,3,16.32,0.1,44.06
209,2025-07-17,7,2025,C099,P064,Multiple Formulas,1,21.36,0.2,17.09
209,2025-07-17,7,2025,C099,P202,Nutritional Accessories,4,22.08,0.2,70.66
210,2025-10-25,10,2025,C164,P074,B Formulations,2,31.73,0.12,55.84
210,2025-10-25,10,2025,C164,P097,B Formulations,4,22.48,0.12,79.13
211,2025-11-26,11,2025,C036,P070,Herbs,2,15.83,0.15,26.91
211,2025-11-26,11,2025,C036,P098,D3 Formulations,1,8.72,0.15,7.41
212,2025-01-09,1,2025,C053,P215,C Formulations,6,8.84,0.1,47.74
212,2025-01-09,1,2025,C053,P154,C Formulations,2,26.36,0.1,47.45
212,2025-01-09,1,2025,C053,P146,Essential Fatty Acids,2,29.47,0.1,53.05
212,2025-01-09,1,2025,C053,P012,Essential Fatty Acids,1,21.04,0.1,18.94
213,2025-08-20,8,2025,C158,P190,Herbs,3,30.24,0.15,77.11
213,2025-08-20,8,2025,C158,P112,Essential Fatty Acids,10,14.14,0.15,120.19
214,2025-10-06,10,2025,C127,P237,Herbs,1,24.66,0.1,22.19
215,2025-04-02,4,2025,C039,P161,Essential Fatty Acids,1,7.04,0.1,6.34
215,2025-04-02,4,2025,C039,P218,Minerals,1,11.02,0.1,9.92
216,2025-11-25,11,2025,C090,P098,D3 Formulations,2,8.72,0.1,15.7
216,2025-11-25,11,2025,C090,P150,Nutritional Accessories,4,20.83,0.1,74.99
216,2025-11-25,11,2025,C090,P112,Essential Fatty Acids,1,14.14,0.1,12.73
217,2025-09-27,9,2025,C007,P249,Multiple Formulas,6,25.81,0.12,136.28
217,2025-09-27,9,2025,C007,P108,D3 Formulations,3,22.73,0.12,60.01
217,2025-09-27,9,2025,C007,P018,Nutritional Accessories,5,20.42,0.12,89.85
218,2025-01-20,1,2025,C034,P061,C Formulations,1,25.14,0.2,20.11
218,2025-01-20,1,2025,C034,P231,Herbs,2,24.63,0.2,39.41
218,2025-01-20,1,2025,C034,P186,Minerals,3,18.73,0.2,44.95
218,2025-01-20,1,2025,C034,P036,Minerals,1,16.67,0.2,13.34
218,2025-01-20,1,2025,C034,P135,Essential Fatty Acids,6,8.82,0.2,42.34
218,2025-01-20,1,2025,C034,P099,Herbs,5,16.66,0.2,66.64
218,2025-01-20,1,2025,C034,P204,Multiple Formulas,1,18.17,0.2,14.54
218,2025-01-20,1,2025,C034,P232,D3 Formulations,1,6.77,0.2,5.42
219,2025-08-16,8,2025,C038,P197,B Formulations,1,26.72,0.12,23.51
219,2025-08-16,8,2025,C038,P161,Essential Fatty Acids,6,7.04,0.12,37.17
219,2025-08-16,8,2025,C038,P049,Herbs,2,12.57,0.12,22.12
219,2025-08-16,8,2025,C038,P198,D3 Formulations,3,25.15,0.12,66.4
219,2025-08-16,8,2025,C038,P159,Multiple Formulas,1,8.73,0.12,7.68
219,2025-08-16,8,2025,C038,P112,Essential Fatty Acids,1,14.14,0.12,12.44
219,2025-08-16,8,2025,C038,P142,Multiple Formulas,1,26.21,0.12,23.06
219,2025-08-16,8,2025,C038,P131,D3 Formulations,1,22.15,0.12,19.49
219,2025-08-16,8,2025,C038,P037,D3 Formulations,2,24.34,0.12,42.84
219,2025-08-16,8,2025,C038,P098,D3 Formulations,4,8.72,0.12,30.69
220,2025-09-14,9,2025,C132,P007,Minerals,2,12.44,0.05,23.64
220,2025-09-14,9,2025,C132,P109,Herbs,1,20.28,0.05,19.27
220,2025-09-14,9,2025,C132,P097,B Formulations,2,22.48,0.05,42.71
220,2025-09-14,9,2025,C132,P239,C Formulations,4,21.82,0.05,82.92
221,2025-11-03,11,2025,C005,P162,Multiple Formulas,1,19.5,0.1,17.55
221,2025-11-03,11,2025,C005,P207,Nutritional Accessories,2,27.98,0.1,50.36
222,2025-01-06,1,2025,C099,P059,C Formulations,2,31.44,0.12,55.33
222,2025-01-06,1,2025,C099,P127,B Formulations,2,17.17,0.12,30.22
222,2025-01-06,1,2025,C099,P207,Nutritional Accessories,6,27.98,0.12,147.73
222,2025-01-06,1,2025,C099,P057,Nutritional Accessories,4,9.29,0.12,32.7
223,2025-08-11,8,2025,C158,P055,Essential Fatty Acids,5,9.99,0.1,44.96
223,2025-08-11,8,2025,C158,P220,Essential Fatty Acids,2,17.56,0.1,31.61
223,2025-08-11,8,2025,C158,P039,Multiple Formulas,1,21.54,0.1,19.39
223,2025-08-11,8,2025,C158,P060,Minerals,4,13.48,0.1,48.53
224,2025-03-28,3,2025,C051,P126,Nutritional Accessories,1,14.54,0.12,12.8
224,2025-03-28,3,2025,C051,P086,C Formulations,10,21.91,0.12,192.81
225,2025-07-09,7,2025,C152,P077,D3 Formulations,1,8.44,0.12,7.43
225,2025-07-09,7,2025,C152,P139,Essential Fatty Acids,2,21.03,0.12,37.01
225,2025-07-09,7,2025,C152,P030,D3 Formulations,3,34.58,0.12,91.29
225,2025-07-09,7,2025,C152,P037,D3 Formulations,1,24.34,0.12,21.42
225,2025-07-09,7,2025,C152,P223,Herbs,2,7.31,0.12,12.87
225,2025-07-09,7,2025,C152,P088,Multiple Formulas,10,24.91,0.12,219.21
225,2025-07-09,7,2025,C152,P115,Essential Fatty Acids,3,11.14,0.12,29.41
225,2025-07-09,7,2025,C152,P092,D3 Formulations,1,15.44,0.12,13.59
226,2025-12-08,12,2025,C050,P214,Essential Fatty Acids,10,19.75,0.1,177.75
226,2025-12-08,12,2025,C050,P250,C Formulations,5,8.06,0.1,36.27
227,2025-07-28,7,2025,C002,P027,Herbs,10,12.95,0.0,129.5
227,2025-07-28,7,2025,C002,P040,C Formulations,3,8.62,0.0,25.86
227,2025-07-28,7,2025,C002,P236,D3 Formulations,1,17.26,0.0,17.26
228,2025-06-20,6,2025,C177,P072,B Formulations,1,27.05,0.1,24.35
228,2025-06-20,6,2025,C177,P106,B Formulations,5,29.05,0.1,130.72
229,2025-11-14,11,2025,C037,P225,B Formulations,5,24.15,0.05,114.71
229,2025-11-14,11,2025,C037,P185,Multiple Formulas,2,13.85,0.05,26.32
229,2025-11-14,11,2025,C037,P014,C Formulations,2,16.55,0.05,31.44
230,2025-05-20,5,2025,C068,P127,B Formulations,2,17.17,0.12,30.22
230,2025-05-20,5,2025,C068,P175,Nutritional Accessories,6,8.48,0.12,44.77
230,2025-05-20,5,2025,C068,P073,Multiple Formulas,1,32.02,0.12,28.18
230,2025-05-20,5,2025,C068,P104,D3 Formulations,4,31.87,0.12,112.18
230,2025-05-20,5,2025,C068,P017,D3 Formulations,1,13.3,0.12,11.7
230,2025-05-20,5,2025,C068,P243,D3 Formulations,2,32.26,0.12,56.78
230,2025-05-20,5,2025,C068,P134,Minerals,1,22.53,0.12,19.83
230,2025-05-20,5,2025,C068,P147,C Formulations,2,29.49,0.12,51.9
230,2025-05-20,5,2025,C068,P188,Essential Fatty Acids,4,6.74,0.12,23.72
230,2025-05-20,5,2025,C068,P241,B Formulations,1,17.2,0.12,15.14
231,2025-09-30,9,2025,C082,P205,D3 Formulations,1,13.18,0.12,11.6
231,2025-09-30,9,2025,C082,P003,Minerals,2,30.96,0.12,54.49
232,2025-08-05,8,2025,C069,P018,Nutritional Accessories,6,20.42,0.2,98.02
232,2025-08-05,8,2025,C069,P194,Essential Fatty Acids,3,10.54,0.2,25.3
233,2025-03-19,3,2025,C080,P205,D3 Formulations,1,13.18,0.1,11.86
233,2025-03-19,3,2025,C080,P151,C Formulations,4,20.54,0.1,73.94
233,2025-03-19,3,2025,C080,P002,D3 Formulations,3,29.72,0.1,80.24
233,2025-03-19,3,2025,C080,P078,D3 Formulations,3,10.69,0.1,28.86
234,2025-08-20,8,2025,C154,P219,Nutritional Accessories,2,18.58,0.12,32.7
234,2025-08-20,8,2025,C154,P034,B Formulations,3,12.89,0.12,34.03
235,2025-09-27,9,2025,C169,P236,D3 Formulations,2,17.26,0.12,30.38
235,2025-09-27,9,2025,C169,P169,Essential Fatty Acids,4,16.45,0.12,57.9
235,2025-09-27,9,2025,C169,P181,Minerals,2,34.3,0.12,60.37
235,2025-09-27,9,2025,C169,P040,C Formulations,3,8.62,0.12,22.76
236,2025-04-03,4,2025,C129,P191,Essential Fatty Acids,1,26.18,0.15,22.25
236,2025-04-03,4,2025,C129,P067,D3 Formulations,2,32.02,0.15,54.43
236,2025-04-03,4,2025,C129,P065,Essential Fatty Acids,1,13.01,0.15,11.06
236,2025-04-03,4,2025,C129,P034,B Formulations,3,12.89,0.15,32.87
236,2025-04-03,4,2025,C129,P015,Nutritional Accessories,2,34.18,0.15,58.11
236,2025-04-03,4,2025,C129,P070,Herbs,1,15.83,0.15,13.46
236,2025-04-03,4,2025,C129,P153,Multiple Formulas,4,24.85,0.15,84.49
236,2025-04-03,4,2025,C129,P179,Multiple Formulas,2,24.49,0.15,41.63
236,2025-04-03,4,2025,C129,P023,B Formulations,1,20.58,0.15,17.49
236,2025-04-03,4,2025,C129,P158,B Formulations,2,16.89,0.15,28.71
237,2025-03-21,3,2025,C109,P246,Herbs,1,8.92,0.1,8.03
237,2025-03-21,3,2025,C109,P058,Multiple Formulas,2,32.82,0.1,59.08
237,2025-03-21,3,2025,C109,P114,Herbs,5,24.72,0.1,111.24
237,2025-03-21,3,2025,C109,P069,D3 Formulations,4,24.36,0.1,87.7
237,2025-03-21,3,2025,C109,P042,Essential Fatty Acids,1,15.3,0.1,13.77
238,2025-04-16,4,2025,C039,P057,Nutritional Accessories,1,9.29,0.12,8.18
238,2025-04-16,4,2025,C039,P148,C Formulations,1,31.15,0.12,27.41
238,2025-04-16,4,2025,C039,P186,Minerals,1,18.73,0.12,16.48
239,2025-04-12,4,2025,C084,P125,Minerals,4,30.74,0.05,116.81
239,2025-04-12,4,2025,C084,P197,B Formulations,2,26.72,0.05,50.77
240,2025-05-28,5,2025,C143,P129,D3 Formulations,1,15.19,0.1,13.67
240,2025-05-28,5,2025,C143,P247,Multiple Formulas,5,6.53,0.1,29.38
240,2025-05-28,5,2025,C143,P015,Nutritional Accessories,1,34.18,0.1,30.76
240,2025-05-28,5,2025,C143,P008,Minerals,2,9.48,0.1,17.06
240,2025-05-28,5,2025,C143,P158,B Formulations,3,16.89,0.1,45.6
240,2025-05-28,5,2025,C143,P231,Herbs,1,24.63,0.1,22.17
240,2025-05-28,5,2025,C143,P142,Multiple Formulas,5,26.21,0.1,117.94
240,2025-05-28,5,2025,C143,P049,Herbs,3,12.57,0.1,33.94
241,2025-06-26,6,2025,C008,P235,D3 Formulations,5,22.69,0.1,102.1
241,2025-06-26,6,2025,C008,P159,Multiple Formulas,1,8.73,0.1,7.86
241,2025-06-26,6,2025,C008,P118,Herbs,5,32.53,0.1,146.39
241,2025-06-26,6,2025,C008,P135,Essential Fatty Acids,1,8.82,0.1,7.94
242,2025-02-20,2,2025,C109,P233,D3 Formulations,6,22.99,0.1,124.15
243,2025-10-31,10,2025,C122,P042,Essential Fatty Acids,2,15.3,0.0,30.6
244,2025-06-19,6,2025,C177,P023,B Formulations,2,20.58,0.12,36.22
244,2025-06-19,6,2025,C177,P153,Multiple Formulas,3,24.85,0.12,65.6
244,2025-06-19,6,2025,C177,P014,C Formulations,1,16.55,0.12,14.56
244,2025-06-19,6,2025,C177,P229,Multiple Formulas,1,10.73,0.12,9.44
245,2025-06-05,6,2025,C173,P075,Minerals,3,28.62,0.15,72.98
245,2025-06-05,6,2025,C173,P169,Essential Fatty Acids,1,16.45,0.15,13.98
245,2025-06-05,6,2025,C173,P162,Multiple Formulas,6,19.5,0.15,99.45
245,2025-06-05,6,2025,C173,P026,Herbs,3,32.34,0.15,82.47
246,2025-02-20,2,2025,C128,P088,Multiple Formulas,1,24.91,0.05,23.66
246,2025-02-20,2,2025,C128,P134,Minerals,4,22.53,0.05,85.61
246,2025-02-20,2,2025,C128,P228,Herbs,1,25.1,0.05,23.84
246,2025-02-20,2,2025,C128,P057,Nutritional Accessories,1,9.29,0.05,8.83
246,2025-02-20,2,2025,C128,P012,Essential Fatty Acids,3,21.04,0.05,59.96
246,2025-02-20,2,2025,C128,P014,C Formulations,1,16.55,0.05,15.72
246,2025-02-20,2,2025,C128,P061,C Formulations,1,25.14,0.05,23.88
246,2025-02-20,2,2025,C128,P106,B Formulations,1,29.05,0.05,27.6
246,2025-02-20,2,2025,C128,P097,B Formulations,1,22.48,0.05,21.36
246,2025-02-20,2,2025,C128,P234,D3 Formulations,5,33.27,0.05,158.03
246,2025-02-20,2,2025,C128,P125,Minerals,5,30.74,0.05,146.01
246,2025-02-20,2,2025,C128,P161,Essential Fatty Acids,1,7.04,0.05,6.69
246,2025-02-20,2,2025,C128,P122,Minerals,1,18.42,0.05,17.5
246,2025-02-20,2,2025,C128,P058,Multiple Formulas,1,32.82,0.05,31.18
246,2025-02-20,2,2025,C128,P015,Nutritional Accessories,2,34.18,0.05,64.94
247,2025-06-27,6,2025,C104,P220,Essential Fatty Acids,1,17.56,0.12,15.45
247,2025-06-27,6,2025,C104,P244,Multiple Formulas,1,11.68,0.12,10.28
247,2025-06-27,6,2025,C104,P204,Multiple Formulas,1,18.17,0.12,15.99
247,2025-06-27,6,2025,C104,P124,Essential Fatty Acids,3,33.94,0.12,89.6
247,2025-06-27,6,2025,C104,P016,Minerals,2,33.91,0.12,59.68
247,2025-06-27,6,2025,C104,P098,D3 Formulations,1,8.72,0.12,7.67
247,2025-06-27,6,2025,C104,P114,Herbs,1,24.72,0.12,21.75
247,2025-06-27,6,2025,C104,P178,C Formulations,1,21.68,0.12,19.08
248,2025-02-25,2,2025,C073,P097,B Formulations,2,22.48,0.2,35.97
248,2025-02-25,2,2025,C073,P226,B Formulations,1,20.59,0.2,16.47
248,2025-02-25,2,2025,C073,P033,D3 Formulations,1,28.09,0.2,22.47
248,2025-02-25,2,2025,C073,P023,B Formulations,5,20.58,0.2,82.32
248,2025-02-25,2,2025,C073,P161,Essential Fatty Acids,3,7.04,0.2,16.9
248,2025-02-25,2,2025,C073,P056,D3 Formulations,5,15.89,0.2,63.56
248,2025-02-25,2,2025,C073,P093,B Formulations,1,27.65,0.2,22.12
248,2025-02-25,2,2025,C073,P067,D3 Formulations,2,32.02,0.2,51.23
249,2025-06-17,6,2025,C173,P136,Minerals,1,23.84,0.2,19.07
249,2025-06-17,6,2025,C173,P125,Minerals,4,30.74,0.2,98.37
249,2025-06-17,6,2025,C173,P153,Multiple Formulas,5,24.85,0.2,99.4
249,2025-06-17,6,2025,C173,P117,Multiple Formulas,1,33.66,0.2,26.93
249,2025-06-17,6,2025,C173,P183,Herbs,5,15.37,0.2,61.48
249,2025-06-17,6,2025,C173,P223,Herbs,2,7.31,0.2,11.7
249,2025-06-17,6,2025,C173,P076,B Formulations,6,24.62,0.2,118.18
249,2025-06-17,6,2025,C173,P124,Essential Fatty Acids,2,33.94,0.2,54.3
250,2025-06-04,6,2025,C168,P107,Herbs,2,20.58,0.05,39.1
250,2025-06-04,6,2025,C168,P094,Herbs,1,24.84,0.05,23.6
250,2025-06-04,6,2025,C168,P169,Essential Fatty Acids,3,16.45,0.05,46.88
250,2025-06-04,6,2025,C168,P001,Essential Fatty Acids,1,18.39,0.05,17.47
250,2025-06-04,6,2025,C168,P030,D3 Formulations,4,34.58,0.05,131.4
251,2025-06-11,6,2025,C057,P089,D3 Formulations,2,12.5,0.12,22.0
251,2025-06-11,6,2025,C057,P068,Multiple Formulas,3,32.11,0.12,84.77
251,2025-06-11,6,2025,C057,P088,Multiple Formulas,1,24.91,0.12,21.92
252,2025-07-13,7,2025,C019,P244,Multiple Formulas,1,11.68,0.12,10.28
252,2025-07-13,7,2025,C019,P068,Multiple Formulas,2,32.11,0.12,56.51
252,2025-07-13,7,2025,C019,P029,Nutritional Accessories,1,20.19,0.12,17.77
252,2025-07-13,7,2025,C019,P217,D3 Formulations,1,19.73,0.12,17.36
252,2025-07-13,7,2025,C019,P111,Nutritional Accessories,1,26.95,0.12,23.72
252,2025-07-13,7,2025,C019,P202,Nutritional Accessories,2,22.08,0.12,38.86
252,2025-07-13,7,2025,C019,P145,Nutritional Accessories,2,14.51,0.12,25.54
252,2025-07-13,7,2025,C019,P241,B Formulations,1,17.2,0.12,15.14
253,2025-02-09,2,2025,C173,P024,Nutritional Accessories,3,7.49,0.15,19.1
253,2025-02-09,2,2025,C173,P058,Multiple Formulas,3,32.82,0.15,83.69
254,2025-11-03,11,2025,C029,P060,Minerals,6,13.48,0.12,71.17
254,2025-11-03,11,2025,C029,P187,B Formulations,4,8.28,0.12,29.15
255,2025-10-28,10,2025,C073,P089,D3 Formulations,1,12.5,0.12,11.0
255,2025-10-28,10,2025,C073,P216,Minerals,2,20.26,0.12,35.66
255,2025-10-28,10,2025,C073,P135,Essential Fatty Acids,1,8.82,0.12,7.76
256,2025-03-07,3,2025,C064,P151,C Formulations,1,20.54,0.15,17.46
257,2025-03-12,3,2025,C094,P048,Essential Fatty Acids,1,20.85,0.1,18.76
257,2025-03-12,3,2025,C094,P220,Essential Fatty Acids,1,17.56,0.1,15.8
258,2025-12-30,12,2025,C138,P035,Herbs,4,27.12,0.12,95.46
258,2025-12-30,12,2025,C138,P211,Essential Fatty Acids,1,7.18,0.12,6.32
258,2025-12-30,12,2025,C138,P057,Nutritional Accessories,2,9.29,0.12,16.35
259,2025-12-05,12,2025,C096,P060,Minerals,1,13.48,0.0,13.48
259,2025-12-05,12,2025,C096,P247,Multiple Formulas,1,6.53,0.0,6.53
259,2025-12-05,12,2025,C096,P179,Multiple Formulas,1,24.49,0.0,24.49
260,2025-08-04,8,2025,C147,P198,D3 Formulations,4,25.15,0.05,95.57
260,2025-08-04,8,2025,C147,P202,Nutritional Accessories,3,22.08,0.05,62.93
260,2025-08-04,8,2025,C147,P142,Multiple Formulas,3,26.21,0.05,74.7
260,2025-08-04,8,2025,C147,P141,Nutritional Accessories,5,27.48,0.05,130.53
261,2025-10-31,10,2025,C098,P243,D3 Formulations,2,32.26,0.12,56.78
262,2025-10-28,10,2025,C041,P089,D3 Formulations,4,12.5,0.12,44.0
262,2025-10-28,10,2025,C041,P074,B Formulations,2,31.73,0.12,55.84
263,2025-03-08,3,2025,C151,P171,Nutritional Accessories,2,21.15,0.12,37.22
263,2025-03-08,3,2025,C151,P077,D3 Formulations,4,8.44,0.12,29.71
263,2025-03-08,3,2025,C151,P206,Minerals,2,16.32,0.12,28.72
263,2025-03-08,3,2025,C151,P193,Multiple Formulas,3,11.03,0.12,29.12
264,2025-03-16,3,2025,C038,P044,Nutritional Accessories,4,7.18,0.0,28.72
265,2025-02-03,2,2025,C156,P225,B Formulations,2,24.15,0.2,38.64
265,2025-02-03,2,2025,C156,P197,B Formulations,1,26.72,0.2,21.38
266,2025-05-25,5,2025,C159,P173,C Formulations,3,12.26,0.1,33.1
266,2025-05-25,5,2025,C159,P153,Multiple Formulas,6,24.85,0.1,134.19
266,2025-05-25,5,2025,C159,P069,D3 Formulations,1,24.36,0.1,21.92
266,2025-05-25,5,2025,C159,P072,B Formulations,5,27.05,0.1,121.72
266,2025-05-25,5,2025,C159,P162,Multiple Formulas,2,19.5,0.1,35.1
266,2025-05-25,5,2025,C159,P084,Nutritional Accessories,3,6.15,0.1,16.61
266,2025-05-25,5,2025,C159,P004,Essential Fatty Acids,5,6.2,0.1,27.9
266,2025-05-25,5,2025,C159,P115,Essential Fatty Acids,2,11.14,0.1,20.05
267,2025-08-17,8,2025,C130,P214,Essential Fatty Acids,3,19.75,0.0,59.25
267,2025-08-17,8,2025,C130,P150,Nutritional Accessories,5,20.83,0.0,104.15
268,2025-01-22,1,2025,C042,P189,Essential Fatty Acids,2,33.92,0.0,67.84
269,2025-05-25,5,2025,C088,P019,Nutritional Accessories,1,14.73,0.12,12.96
270,2025-10-12,10,2025,C009,P090,B Formulations,1,26.65,0.05,25.32
270,2025-10-12,10,2025,C009,P154,C Formulations,4,26.36,0.05,100.17
271,2025-07-12,7,2025,C057,P053,C Formulations,2,17.22,0.05,32.72
271,2025-07-12,7,2025,C057,P009,Essential Fatty Acids,1,15.79,0.05,15.0
272,2025-06-06,6,2025,C174,P047,Nutritional Accessories,6,6.48,0.12,34.21
272,2025-06-06,6,2025,C174,P103,B Formulations,5,17.4,0.12,76.56
272,2025-06-06,6,2025,C174,P228,Herbs,3,25.1,0.12,66.26
272,2025-06-06,6,2025,C174,P059,C Formulations,2,31.44,0.12,55.33
273,2025-08-06,8,2025,C047,P226,B Formulations,3,20.59,0.0,61.77
273,2025-08-06,8,2025,C047,P007,Minerals,3,12.44,0.0,37.32
273,2025-08-06,8,2025,C047,P237,Herbs,1,24.66,0.0,24.66
274,2025-09-17,9,2025,C179,P165,B Formulations,3,23.13,0.12,61.06
275,2025-08-10,8,2025,C022,P090,B Formulations,1,26.65,0.1,23.98
276,2025-12-05,12,2025,C013,P055,Essential Fatty Acids,4,9.99,0.1,35.96
276,2025-12-05,12,2025,C013,P017,D3 Formulations,1,13.3,0.1,11.97
276,2025-12-05,12,2025,C013,P092,D3 Formulations,3,15.44,0.1,41.69
276,2025-12-05,12,2025,C013,P246,Herbs,2,8.92,0.1,16.06
276,2025-12-05,12,2025,C013,P225,B Formulations,3,24.15,0.1,65.2
277,2025-06-26,6,2025,C100,P117,Multiple Formulas,3,33.66,0.1,90.88
277,2025-06-26,6,2025,C100,P236,D3 Formulations,3,17.26,0.1,46.6
278,2025-03-23,3,2025,C023,P228,Herbs,2,25.1,0.12,44.18
278,2025-03-23,3,2025,C023,P175,Nutritional Accessories,1,8.48,0.12,7.46
279,2025-12-06,12,2025,C065,P077,D3 Formulations,5,8.44,0.1,37.98
279,2025-12-06,12,2025,C065,P117,Multiple Formulas,1,33.66,0.1,30.29
280,2025-04-11,4,2025,C168,P166,Multiple Formulas,2,6.88,0.1,12.38
280,2025-04-11,4,2025,C168,P239,C Formulations,2,21.82,0.1,39.28
281,2025-06-07,6,2025,C164,P012,Essential Fatty Acids,4,21.04,0.0,84.16
281,2025-06-07,6,2025,C164,P174,D3 Formulations,1,24.06,0.0,24.06
281,2025-06-07,6,2025,C164,P103,B Formulations,2,17.4,0.0,34.8
281,2025-06-07,6,2025,C164,P099,Herbs,1,16.66,0.0,16.66
281,2025-06-07,6,2025,C164,P043,B Formulations,2,11.41,0.0,22.82
282,2025-08-05,8,2025,C128,P036,Minerals,1,16.67,0.12,14.67
282,2025-08-05,8,2025,C128,P214,Essential Fatty Acids,1,19.75,0.12,17.38
282,2025-08-05,8,2025,C128,P097,B Formulations,2,22.48,0.12,39.56
282,2025-08-05,8,2025,C128,P119,Nutritional Accessories,3,16.73,0.12,44.17
282,2025-08-05,8,2025,C128,P012,Essential Fatty Acids,5,21.04,0.12,92.58
282,2025-08-05,8,2025,C128,P093,B Formulations,6,27.65,0.12,145.99
282,2025-08-05,8,2025,C128,P176,Herbs,5,7.5,0.12,33.0
282,2025-08-05,8,2025,C128,P120,Minerals,2,6.45,0.12,11.35
282,2025-08-05,8,2025,C128,P238,Herbs,3,19.29,0.12,50.93
282,2025-08-05,8,2025,C128,P111,Nutritional Accessories,1,26.95,0.12,23.72
283,2025-10-06,10,2025,C054,P110,Essential Fatty Acids,1,11.66,0.1,10.49
284,2025-04-06,4,2025,C088,P204,Multiple Formulas,2,18.17,0.12,31.98
285,2025-04-27,4,2025,C164,P165,B Formulations,6,23.13,0.05,131.84
285,2025-04-27,4,2025,C164,P139,Essential Fatty Acids,3,21.03,0.05,59.94
285,2025-04-27,4,2025,C164,P199,Minerals,6,14.12,0.05,80.48
285,2025-04-27,4,2025,C164,P249,Multiple Formulas,3,25.81,0.05,73.56
285,2025-04-27,4,2025,C164,P088,Multiple Formulas,4,24.91,0.05,94.66
286,2025-07-18,7,2025,C164,P246,Herbs,1,8.92,0.1,8.03
286,2025-07-18,7,2025,C164,P162,Multiple Formulas,1,19.5,0.1,17.55
286,2025-07-18,7,2025,C164,P247,Multiple Formulas,2,6.53,0.1,11.75
287,2025-04-04,4,2025,C115,P211,Essential Fatty Acids,2,7.18,0.1,12.92
287,2025-04-04,4,2025,C115,P051,Essential Fatty Acids,1,11.06,0.1,9.95
287,2025-04-04,4,2025,C115,P233,D3 Formulations,1,22.99,0.1,20.69
287,2025-04-04,4,2025,C115,P022,Minerals,1,23.68,0.1,21.31
287,2025-04-04,4,2025,C115,P234,D3 Formulations,1,33.27,0.1,29.94
287,2025-04-04,4,2025,C115,P174,D3 Formulations,1,24.06,0.1,21.65
287,2025-04-04,4,2025,C115,P123,B Formulations,3,34.03,0.1,91.88
287,2025-04-04,4,2025,C115,P026,Herbs,3,32.34,0.1,87.32
288,2025-05-13,5,2025,C166,P193,Multiple Formulas,1,11.03,0.15,9.38
288,2025-05-13,5,2025,C166,P121,Nutritional Accessories,3,32.92,0.15,83.95
288,2025-05-13,5,2025,C166,P052,Herbs,1,26.04,0.15,22.13
288,2025-05-13,5,2025,C166,P230,Minerals,2,8.05,0.15,13.68
289,2025-05-25,5,2025,C057,P035,Herbs,1,27.12,0.1,24.41
289,2025-05-25,5,2025,C057,P183,Herbs,3,15.37,0.1,41.5
289,2025-05-25,5,2025,C057,P075,Minerals,4,28.62,0.1,103.03
289,2025-05-25,5,2025,C057,P210,Minerals,2,7.33,0.1,13.19
290,2025-07-24,7,2025,C009,P221,C Formulations,1,23.86,0.12,21.0
290,2025-07-24,7,2025,C009,P039,Multiple Formulas,3,21.54,0.12,56.87
290,2025-07-24,7,2025,C009,P147,C Formulations,2,29.49,0.12,51.9
290,2025-07-24,7,2025,C009,P208,D3 Formulations,1,6.42,0.12,5.65
290,2025-07-24,7,2025,C009,P165,B Formulations,1,23.13,0.12,20.35
290,2025-07-24,7,2025,C009,P023,B Formulations,3,20.58,0.12,54.33
290,2025-07-24,7,2025,C009,P007,Minerals,3,12.44,0.12,32.84
290,2025-07-24,7,2025,C009,P066,B Formulations,4,8.7,0.12,30.62
290,2025-07-24,7,2025,C009,P072,B Formulations,4,27.05,0.12,95.22
290,2025-07-24,7,2025,C009,P091,Nutritional Accessories,5,12.88,0.12,56.67
291,2025-02-15,2,2025,C020,P027,Herbs,2,12.95,0.2,20.72
291,2025-02-15,2,2025,C020,P083,Minerals,5,25.24,0.2,100.96
291,2025-02-15,2,2025,C020,P011,C Formulations,6,15.37,0.2,73.78
292,2025-12-27,12,2025,C114,P019,Nutritional Accessories,2,14.73,0.12,25.92
293,2025-09-20,9,2025,C053,P022,Minerals,3,23.68,0.0,71.04
293,2025-09-20,9,2025,C053,P041,C Formulations,3,30.22,0.0,90.66
293,2025-09-20,9,2025,C053,P200,C Formulations,1,33.69,0.0,33.69
294,2025-11-03,11,2025,C131,P071,B Formulations,1,16.13,0.12,14.19
294,2025-11-03,11,2025,C131,P215,C Formulations,2,8.84,0.12,15.56
294,2025-11-03,11,2025,C131,P023,B Formulations,4,20.58,0.12,72.44
294,2025-11-03,11,2025,C131,P072,B Formulations,6,27.05,0.12,142.82
295,2025-11-06,11,2025,C040,P245,Essential Fatty Acids,1,8.01,0.0,8.01
295,2025-11-06,11,2025,C040,P175,Nutritional Accessories,2,8.48,0.0,16.96
296,2025-03-27,3,2025,C155,P182,Essential Fatty Acids,3,20.97,0.1,56.62
296,2025-03-27,3,2025,C155,P136,Minerals,1,23.84,0.1,21.46
296,2025-03-27,3,2025,C155,P144,Nutritional Accessories,2,16.43,0.1,29.57
296,2025-03-27,3,2025,C155,P244,Multiple Formulas,10,11.68,0.1,105.12
297,2025-11-11,11,2025,C043,P236,D3 Formulations,5,17.26,0.15,73.36
297,2025-11-11,11,2025,C043,P211,Essential Fatty Acids,3,7.18,0.15,18.31
297,2025-11-11,11,2025,C043,P104,D3 Formulations,2,31.87,0.15,54.18
297,2025-11-11,11,2025,C043,P143,D3 Formulations,3,26.37,0.15,67.24
297,2025-11-11,11,2025,C043,P182,Essential Fatty Acids,3,20.97,0.15,53.47
297,2025-11-11,11,2025,C043,P124,Essential Fatty Acids,3,33.94,0.15,86.55
297,2025-11-11,11,2025,C043,P063,Minerals,3,22.1,0.15,56.36
297,2025-11-11,11,2025,C043,P237,Herbs,4,24.66,0.15,83.84
298,2025-03-16,3,2025,C055,P077,D3 Formulations,2,8.44,0.1,15.19
298,2025-03-16,3,2025,C055,P091,Nutritional Accessories,2,12.88,0.1,23.18
298,2025-03-16,3,2025,C055,P035,Herbs,2,27.12,0.1,48.82
298,2025-03-16,3,2025,C055,P092,D3 Formulations,3,15.44,0.1,41.69
298,2025-03-16,3,2025,C055,P028,B Formulations,3,10.2,0.1,27.54
299,2025-11-10,11,2025,C154,P169,Essential Fatty Acids,2,16.45,0.12,28.95
299,2025-11-10,11,2025,C154,P236,D3 Formulations,2,17.26,0.12,30.38
299,2025-11-10,11,2025,C154,P118,Herbs,4,32.53,0.12,114.51
300,2025-06-07,6,2025,C013,P096,Herbs,3,25.07,0.1,67.69
300,2025-06-07,6,2025,C013,P172,Minerals,1,28.33,0.1,25.5
300,2025-06-07,6,2025,C013,P091,Nutritional Accessories,1,12.88,0.1,11.59
301,2025-09-24,9,2025,C069,P175,Nutritional Accessories,3,8.48,0.1,22.9
302,2025-04-02,4,2025,C180,P078,D3 Formulations,6,10.69,0.15,54.52
303,2025-06-14,6,2025,C079,P092,D3 Formulations,1,15.44,0.12,13.59
304,2025-05-26,5,2025,C076,P050,Herbs,3,24.71,0.2,59.3
305,2025-12-12,12,2025,C132,P193,Multiple Formulas,6,11.03,0.05,62.87
305,2025-12-12,12,2025,C132,P246,Herbs,10,8.92,0.05,84.74
306,2025-07-03,7,2025,C155,P036,Minerals,2,16.67,0.15,28.34
306,2025-07-03,7,2025,C155,P169,Essential Fatty Acids,2,16.45,0.15,27.96
306,2025-07-03,7,2025,C155,P078,D3 Formulations,6,10.69,0.15,54.52
307,2025-09-26,9,2025,C122,P086,C Formulations,3,21.91,0.12,57.84
307,2025-09-26,9,2025,C122,P157,Essential Fatty Acids,1,15.8,0.12,13.9
307,2025-09-26,9,2025,C122,P072,B Formulations,6,27.05,0.12,142.82
307,2025-09-26,9,2025,C122,P017,D3 Formulations,4,13.3,0.12,46.82
307,2025-09-26,9,2025,C122,P147,C Formulations,1,29.49,0.12,25.95
308,2025-01-09,1,2025,C172,P112,Essential Fatty Acids,4,14.14,0.1,50.9
308,2025-01-09,1,2025,C172,P086,C Formulations,3,21.91,0.1,59.16
309,2025-02-02,2,2025,C180,P159,Multiple Formulas,3,8.73,0.12,23.05
310,2025-12-18,12,2025,C101,P057,Nutritional Accessories,2,9.29,0.05,17.65
310,2025-12-18,12,2025,C101,P130,D3 Formulations,1,10.92,0.05,10.37
310,2025-12-18,12,2025,C101,P053,C Formulations,1,17.22,0.05,16.36
310,2025-12-18,12,2025,C101,P129,D3 Formulations,1,15.19,0.05,14.43
310,2025-12-18,12,2025,C101,P136,Minerals,2,23.84,0.05,45.3
311,2025-04-17,4,2025,C104,P066,B Formulations,1,8.7,0.1,7.83
312,2025-08-22,8,2025,C158,P130,D3 Formulations,10,10.92,0.12,96.1
312,2025-08-22,8,2025,C158,P006,Nutritional Accessories,1,18.1,0.12,15.93
312,2025-08-22,8,2025,C158,P015,Nutritional Accessories,1,34.18,0.12,30.08
313,2025-07-07,7,2025,C056,P213,Minerals,2,26.41,0.05,50.18
314,2025-12-23,12,2025,C048,P172,Minerals,6,28.33,0.05,161.48
314,2025-12-23,12,2025,C048,P156,B Formulations,1,31.81,0.05,30.22
315,2025-04-26,4,2025,C067,P209,Herbs,3,9.37,0.12,24.74
316,2025-01-02,1,2025,C161,P180,C Formulations,5,27.06,0.1,121.77
316,2025-01-02,1,2025,C161,P087,Herbs,2,26.06,0.1,46.91
316,2025-01-02,1,2025,C161,P141,Nutritional Accessories,1,27.48,0.1,24.73
317,2025-06-06,6,2025,C021,P217,D3 Formulations,2,19.73,0.12,34.72
318,2025-12-16,12,2025,C110,P182,Essential Fatty Acids,6,20.97,0.2,100.66
319,2025-04-09,4,2025,C032,P197,B Formulations,1,26.72,0.1,24.05
319,2025-04-09,4,2025,C032,P170,Herbs,2,9.68,0.1,17.42
319,2025-04-09,4,2025,C032,P051,Essential Fatty Acids,1,11.06,0.1,9.95
319,2025-04-09,4,2025,C032,P046,D3 Formulations,10,25.65,0.1,230.85
319,2025-04-09,4,2025,C032,P080,D3 Formulations,5,23.59,0.1,106.16
320,2025-01-23,1,2025,C122,P228,Herbs,2,25.1,0.1,45.18
320,2025-01-23,1,2025,C122,P172,Minerals,6,28.33,0.1,152.98
320,2025-01-23,1,2025,C122,P245,Essential Fatty Acids,2,8.01,0.1,14.42
320,2025-01-23,1,2025,C122,P153,Multiple Formulas,1,24.85,0.1,22.36
320,2025-01-23,1,2025,C122,P178,C Formulations,4,21.68,0.1,78.05
320,2025-01-23,1,2025,C122,P112,Essential Fatty Acids,2,14.14,0.1,25.45
320,2025-01-23,1,2025,C122,P240,Nutritional Accessories,1,33.3,0.1,29.97
320,2025-01-23,1,2025,C122,P161,Essential Fatty Acids,4,7.04,0.1,25.34
320,2025-01-23,1,2025,C122,P121,Nutritional Accessories,1,32.92,0.1,29.63
320,2025-01-23,1,2025,C122,P116,D3 Formulations,1,33.27,0.1,29.94
321,2025-09-18,9,2025,C175,P175,Nutritional Accessories,10,8.48,0.1,76.32
321,2025-09-18,9,2025,C175,P226,B Formulations,1,20.59,0.1,18.53
322,2025-11-22,11,2025,C090,P192,C Formulations,2,17.86,0.0,35.72
322,2025-11-22,11,2025,C090,P219,Nutritional Accessories,1,18.58,0.0,18.58
322,2025-11-22,11,2025,C090,P084,Nutritional Accessories,5,6.15,0.0,30.75
322,2025-11-22,11,2025,C090,P165,B Formulations,1,23.13,0.0,23.13
322,2025-11-22,11,2025,C090,P209,Herbs,2,9.37,0.0,18.74
322,2025-11-22,11,2025,C090,P088,Multiple Formulas,5,24.91,0.0,124.55
322,2025-11-22,11,2025,C090,P012,Essential Fatty Acids,1,21.04,0.0,21.04
322,2025-11-22,11,2025,C090,P069,D3 Formulations,1,24.36,0.0,24.36
322,2025-11-22,11,2025,C090,P155,Minerals,1,29.08,0.0,29.08
322,2025-11-22,11,2025,C090,P240,Nutritional Accessories,2,33.3,0.0,66.6
322,2025-11-22,11,2025,C090,P034,B Formulations,2,12.89,0.0,25.78
322,2025-11-22,11,2025,C090,P091,Nutritional Accessories,3,12.88,0.0,38.64
322,2025-11-22,11,2025,C090,P128,Multiple Formulas,1,30.68,0.0,30.68
322,2025-11-22,11,2025,C090,P149,Multiple Formulas,3,32.48,0.0,97.44
322,2025-11-22,11,2025,C090,P051,Essential Fatty Acids,10,11.06,0.0,110.6
323,2025-10-02,10,2025,C024,P137,Multiple Formulas,3,34.71,0.1,93.72
323,2025-10-02,10,2025,C024,P245,Essential Fatty Acids,1,8.01,0.1,7.21
323,2025-10-02,10,2025,C024,P238,Herbs,1,19.29,0.1,17.36
324,2025-08-29,8,2025,C034,P058,Multiple Formulas,2,32.82,0.0,65.64
324,2025-08-29,8,2025,C034,P025,D3 Formulations,1,14.08,0.0,14.08
324,2025-08-29,8,2025,C034,P083,Minerals,2,25.24,0.0,50.48
324,2025-08-29,8,2025,C034,P250,C Formulations,5,8.06,0.0,40.3
325,2025-09-07,9,2025,C039,P087,Herbs,2,26.06,0.0,52.12
325,2025-09-07,9,2025,C039,P048,Essential Fatty Acids,1,20.85,0.0,20.85
325,2025-09-07,9,2025,C039,P190,Herbs,2,30.24,0.0,60.48
325,2025-09-07,9,2025,C039,P132,Minerals,1,33.15,0.0,33.15
325,2025-09-07,9,2025,C039,P237,Herbs,5,24.66,0.0,123.3
325,2025-09-07,9,2025,C039,P118,Herbs,4,32.53,0.0,130.12
325,2025-09-07,9,2025,C039,P102,B Formulations,2,34.22,0.0,68.44
325,2025-09-07,9,2025,C039,P055,Essential Fatty Acids,2,9.99,0.0,19.98
326,2025-04-01,4,2025,C002,P046,D3 Formulations,1,25.65,0.15,21.8
326,2025-04-01,4,2025,C002,P196,B Formulations,3,21.93,0.15,55.92
326,2025-04-01,4,2025,C002,P017,D3 Formulations,3,13.3,0.15,33.92
326,2025-04-01,4,2025,C002,P102,B Formulations,2,34.22,0.15,58.17
327,2025-09-07,9,2025,C107,P154,C Formulations,1,26.36,0.12,23.2
327,2025-09-07,9,2025,C107,P009,Essential Fatty Acids,6,15.79,0.12,83.37
328,2025-11-01,11,2025,C096,P161,Essential Fatty Acids,2,7.04,0.12,12.39
328,2025-11-01,11,2025,C096,P138,Multiple Formulas,4,10.06,0.12,35.41
329,2025-06-06,6,2025,C067,P250,C Formulations,4,8.06,0.1,29.02
329,2025-06-06,6,2025,C067,P161,Essential Fatty Acids,2,7.04,0.1,12.67
330,2025-09-17,9,2025,C083,P175,Nutritional Accessories,1,8.48,0.1,7.63
330,2025-09-17,9,2025,C083,P184,C Formulations,2,29.06,0.1,52.31
330,2025-09-17,9,2025,C083,P120,Minerals,10,6.45,0.1,58.05
330,2025-09-17,9,2025,C083,P226,B Formulations,4,20.59,0.1,74.12
330,2025-09-17,9,2025,C083,P117,Multiple Formulas,1,33.66,0.1,30.29
330,2025-09-17,9,2025,C083,P152,C Formulations,3,29.15,0.1,78.7
330,2025-09-17,9,2025,C083,P154,C Formulations,1,26.36,0.1,23.72
330,2025-09-17,9,2025,C083,P019,Nutritional Accessories,4,14.73,0.1,53.03
331,2025-09-08,9,2025,C155,P177,C Formulations,2,21.41,0.1,38.54
331,2025-09-08,9,2025,C155,P010,B Formulations,3,33.34,0.1,90.02
332,2025-06-15,6,2025,C157,P036,Minerals,1,16.67,0.1,15.0
332,2025-06-15,6,2025,C157,P234,D3 Formulations,1,33.27,0.1,29.94
333,2025-01-15,1,2025,C059,P206,Minerals,3,16.32,0.15,41.62
333,2025-01-15,1,2025,C059,P044,Nutritional Accessories,3,7.18,0.15,18.31
333,2025-01-15,1,2025,C059,P085,Essential Fatty Acids,1,10.66,0.15,9.06
333,2025-01-15,1,2025,C059,P070,Herbs,6,15.83,0.15,80.73
333,2025-01-15,1,2025,C059,P153,Multiple Formulas,3,24.85,0.15,63.37
333,2025-01-15,1,2025,C059,P093,B Formulations,2,27.65,0.15,47.0
333,2025-01-15,1,2025,C059,P171,Nutritional Accessories,4,21.15,0.15,71.91
333,2025-01-15,1,2025,C059,P082,D3 Formulations,2,8.94,0.15,15.2
334,2025-08-16,8,2025,C091,P105,B Formulations,1,24.3,0.0,24.3
334,2025-08-16,8,2025,C091,P166,Multiple Formulas,10,6.88,0.0,68.8
335,2025-08-14,8,2025,C029,P203,Essential Fatty Acids,1,23.74,0.1,21.37
335,2025-08-14,8,2025,C029,P201,Essential Fatty Acids,1,27.4,0.1,24.66
335,2025-08-14,8,2025,C029,P055,Essential Fatty Acids,5,9.99,0.1,44.96
335,2025-08-14,8,2025,C029,P061,C Formulations,5,25.14,0.1,113.13
336,2025-10-18,10,2025,C009,P017,D3 Formulations,1,13.3,0.2,10.64
336,2025-10-18,10,2025,C009,P232,D3 Formulations,3,6.77,0.2,16.25
336,2025-10-18,10,2025,C009,P148,C Formulations,1,31.15,0.2,24.92
336,2025-10-18,10,2025,C009,P125,Minerals,4,30.74,0.2,98.37
336,2025-10-18,10,2025,C009,P002,D3 Formulations,2,29.72,0.2,47.55
336,2025-10-18,10,2025,C009,P103,B Formulations,10,17.4,0.2,139.2
336,2025-10-18,10,2025,C009,P120,Minerals,1,6.45,0.2,5.16
336,2025-10-18,10,2025,C009,P174,D3 Formulations,4,24.06,0.2,76.99
337,2025-05-29,5,2025,C127,P201,Essential Fatty Acids,4,27.4,0.1,98.64
337,2025-05-29,5,2025,C127,P088,Multiple Formulas,6,24.91,0.1,134.51
338,2025-10-07,10,2025,C175,P047,Nutritional Accessories,3,6.48,0.1,17.5
338,2025-10-07,10,2025,C175,P064,Multiple Formulas,1,21.36,0.1,19.22
339,2025-03-25,3,2025,C125,P110,Essential Fatty Acids,2,11.66,0.0,23.32
339,2025-03-25,3,2025,C125,P046,D3 Formulations,1,25.65,0.0,25.65
339,2025-03-25,3,2025,C125,P197,B Formulations,1,26.72,0.0,26.72
340,2025-06-06,6,2025,C055,P182,Essential Fatty Acids,1,20.97,0.2,16.78
340,2025-06-06,6,2025,C055,P120,Minerals,5,6.45,0.2,25.8
340,2025-06-06,6,2025,C055,P001,Essential Fatty Acids,3,18.39,0.2,44.14
341,2025-12-03,12,2025,C074,P020,C Formulations,2,14.26,0.12,25.1
341,2025-12-03,12,2025,C074,P039,Multiple Formulas,6,21.54,0.12,113.73
341,2025-12-03,12,2025,C074,P081,Essential Fatty Acids,1,6.27,0.12,5.52
341,2025-12-03,12,2025,C074,P238,Herbs,1,19.29,0.12,16.98
341,2025-12-03,12,2025,C074,P103,B Formulations,10,17.4,0.12,153.12
342,2025-06-02,6,2025,C088,P027,Herbs,2,12.95,0.1,23.31
342,2025-06-02,6,2025,C088,P107,Herbs,2,20.58,0.1,37.04
342,2025-06-02,6,2025,C088,P148,C Formulations,1,31.15,0.1,28.04
343,2025-11-28,11,2025,C161,P071,B Formulations,3,16.13,0.12,42.58
344,2025-05-17,5,2025,C045,P152,C Formulations,1,29.15,0.12,25.65
344,2025-05-17,5,2025,C045,P079,Essential Fatty Acids,1,32.06,0.12,28.21
344,2025-05-17,5,2025,C045,P209,Herbs,1,9.37,0.12,8.25
345,2025-03-07,3,2025,C014,P235,D3 Formulations,1,22.69,0.1,20.42
345,2025-03-07,3,2025,C014,P112,Essential Fatty Acids,2,14.14,0.1,25.45
345,2025-03-07,3,2025,C014,P212,Essential Fatty Acids,1,30.81,0.1,27.73
345,2025-03-07,3,2025,C014,P211,Essential Fatty Acids,1,7.18,0.1,6.46
345,2025-03-07,3,2025,C014,P196,B Formulations,4,21.93,0.1,78.95
345,2025-03-07,3,2025,C014,P046,D3 Formulations,2,25.65,0.1,46.17
345,2025-03-07,3,2025,C014,P120,Minerals,4,6.45,0.1,23.22
345,2025-03-07,3,2025,C014,P165,B Formulations,10,23.13,0.1,208.17
346,2025-09-25,9,2025,C138,P218,Minerals,5,11.02,0.2,44.08
346,2025-09-25,9,2025,C138,P206,Minerals,2,16.32,0.2,26.11
346,2025-09-25,9,2025,C138,P234,D3 Formulations,4,33.27,0.2,106.46
346,2025-09-25,9,2025,C138,P072,B Formulations,1,27.05,0.2,21.64
347,2025-06-16,6,2025,C144,P130,D3 Formulations,2,10.92,0.15,18.56
347,2025-06-16,6,2025,C144,P220,Essential Fatty Acids,2,17.56,0.15,29.85
348,2025-08-02,8,2025,C146,P100,Minerals,3,13.69,0.1,36.96
348,2025-08-02,8,2025,C146,P178,C Formulations,1,21.68,0.1,19.51
348,2025-08-02,8,2025,C146,P177,C Formulations,2,21.41,0.1,38.54
348,2025-08-02,8,2025,C146,P104,D3 Formulations,1,31.87,0.1,28.68
348,2025-08-02,8,2025,C146,P044,Nutritional Accessories,2,7.18,0.1,12.92
349,2025-05-08,5,2025,C075,P247,Multiple Formulas,10,6.53,0.1,58.77
349,2025-05-08,5,2025,C075,P137,Multiple Formulas,1,34.71,0.1,31.24
350,2025-07-28,7,2025,C005,P158,B Formulations,3,16.89,0.1,45.6
350,2025-07-28,7,2025,C005,P147,C Formulations,2,29.49,0.1,53.08
351,2025-03-17,3,2025,C117,P131,D3 Formulations,2,22.15,0.05,42.08
351,2025-03-17,3,2025,C117,P203,Essential Fatty Acids,5,23.74,0.05,112.76
351,2025-03-17,3,2025,C117,P022,Minerals,2,23.68,0.05,44.99
351,2025-03-17,3,2025,C117,P167,Nutritional Accessories,4,7.08,0.05,26.9
352,2025-09-23,9,2025,C139,P154,C Formulations,1,26.36,0.15,22.41
353,2025-09-09,9,2025,C088,P038,Multiple Formulas,1,24.37,0.12,21.45
353,2025-09-09,9,2025,C088,P034,B Formulations,1,12.89,0.12,11.34
354,2025-05-07,5,2025,C052,P057,Nutritional Accessories,1,9.29,0.15,7.9
354,2025-05-07,5,2025,C052,P035,Herbs,1,27.12,0.15,23.05
354,2025-05-07,5,2025,C052,P040,C Formulations,2,8.62,0.15,14.65
355,2025-06-25,6,2025,C074,P052,Herbs,2,26.04,0.15,44.27
355,2025-06-25,6,2025,C074,P038,Multiple Formulas,3,24.37,0.15,62.14
356,2025-03-06,3,2025,C153,P181,Minerals,1,34.3,0.0,34.3
356,2025-03-06,3,2025,C153,P068,Multiple Formulas,3,32.11,0.0,96.33
356,2025-03-06,3,2025,C153,P100,Minerals,1,13.69,0.0,13.69
356,2025-03-06,3,2025,C153,P172,Minerals,4,28.33,0.0,113.32
356,2025-03-06,3,2025,C153,P228,Herbs,4,25.1,0.0,100.4
356,2025-03-06,3,2025,C153,P132,Minerals,1,33.15,0.0,33.15
356,2025-03-06,3,2025,C153,P246,Herbs,1,8.92,0.0,8.92
356,2025-03-06,3,2025,C153,P105,B Formulations,1,24.3,0.0,24.3
357,2025-12-14,12,2025,C050,P057,Nutritional Accessories,3,9.29,0.2,22.3
357,2025-12-14,12,2025,C050,P032,Multiple Formulas,1,25.49,0.2,20.39
358,2025-07-26,7,2025,C005,P178,C Formulations,3,21.68,0.12,57.24
358,2025-07-26,7,2025,C005,P247,Multiple Formulas,1,6.53,0.12,5.75
358,2025-07-26,7,2025,C005,P135,Essential Fatty Acids,6,8.82,0.12,46.57
358,2025-07-26,7,2025,C005,P236,D3 Formulations,1,17.26,0.12,15.19
359,2025-08-29,8,2025,C074,P180,C Formulations,2,27.06,0.12,47.63
360,2025-12-01,12,2025,C017,P059,C Formulations,4,31.44,0.15,106.9
360,2025-12-01,12,2025,C017,P134,Minerals,1,22.53,0.15,19.15
360,2025-12-01,12,2025,C017,P154,C Formulations,1,26.36,0.15,22.41
361,2025-12-07,12,2025,C105,P141,Nutritional Accessories,1,27.48,0.2,21.98
361,2025-12-07,12,2025,C105,P218,Minerals,4,11.02,0.2,35.26
361,2025-12-07,12,2025,C105,P055,Essential Fatty Acids,1,9.99,0.2,7.99
361,2025-12-07,12,2025,C105,P136,Minerals,6,23.84,0.2,114.43
361,2025-12-07,12,2025,C105,P002,D3 Formulations,4,29.72,0.2,95.1
361,2025-12-07,12,2025,C105,P123,B Formulations,3,34.03,0.2,81.67
361,2025-12-07,12,2025,C105,P106,B Formulations,2,29.05,0.2,46.48
361,2025-12-07,12,2025,C105,P100,Minerals,6,13.69,0.2,65.71
362,2025-08-24,8,2025,C003,P033,D3 Formulations,10,28.09,0.12,247.19
363,2025-12-30,12,2025,C076,P152,C Formulations,4,29.15,0.1,104.94
363,2025-12-30,12,2025,C076,P142,Multiple Formulas,1,26.21,0.1,23.59
364,2025-04-28,4,2025,C081,P044,Nutritional Accessories,10,7.18,0.15,61.03
365,2025-03-23,3,2025,C034,P222,C Formulations,1,24.42,0.15,20.76
366,2025-01-08,1,2025,C070,P213,Minerals,2,26.41,0.12,46.48
366,2025-01-08,1,2025,C070,P097,B Formulations,1,22.48,0.12,19.78
366,2025-01-08,1,2025,C070,P153,Multiple Formulas,3,24.85,0.12,65.6
366,2025-01-08,1,2025,C070,P042,Essential Fatty Acids,4,15.3,0.12,53.86
366,2025-01-08,1,2025,C070,P211,Essential Fatty Acids,1,7.18,0.12,6.32
366,2025-01-08,1,2025,C070,P074,B Formulations,5,31.73,0.12,139.61
366,2025-01-08,1,2025,C070,P012,Essential Fatty Acids,1,21.04,0.12,18.52
366,2025-01-08,1,2025,C070,P147,C Formulations,2,29.49,0.12,51.9
366,2025-01-08,1,2025,C070,P193,Multiple Formulas,2,11.03,0.12,19.41
366,2025-01-08,1,2025,C070,P115,Essential Fatty Acids,1,11.14,0.12,9.8
367,2025-06-04,6,2025,C008,P181,Minerals,4,34.3,0.0,137.2
367,2025-06-04,6,2025,C008,P239,C Formulations,1,21.82,0.0,21.82
367,2025-06-04,6,2025,C008,P226,B Formulations,1,20.59,0.0,20.59
367,2025-06-04,6,2025,C008,P185,Multiple Formulas,3,13.85,0.0,41.55
368,2025-05-06,5,2025,C172,P012,Essential Fatty Acids,2,21.04,0.12,37.03
368,2025-05-06,5,2025,C172,P243,D3 Formulations,1,32.26,0.12,28.39
368,2025-05-06,5,2025,C172,P240,Nutritional Accessories,10,33.3,0.12,293.04
368,2025-05-06,5,2025,C172,P248,Multiple Formulas,1,8.74,0.12,7.69
368,2025-05-06,5,2025,C172,P055,Essential Fatty Acids,6,9.99,0.12,52.75
369,2025-12-02,12,2025,C009,P027,Herbs,2,12.95,0.05,24.6
369,2025-12-02,12,2025,C009,P059,C Formulations,6,31.44,0.05,179.21
369,2025-12-02,12,2025,C009,P200,C Formulations,1,33.69,0.05,32.01
369,2025-12-02,12,2025,C009,P048,Essential Fatty Acids,3,20.85,0.05,59.42
370,2025-08-07,8,2025,C103,P117,Multiple Formulas,2,33.66,0.2,53.86
370,2025-08-07,8,2025,C103,P144,Nutritional Accessories,5,16.43,0.2,65.72
370,2025-08-07,8,2025,C103,P238,Herbs,5,19.29,0.2,77.16
371,2025-04-23,4,2025,C160,P128,Multiple Formulas,1,30.68,0.0,30.68
371,2025-04-23,4,2025,C160,P029,Nutritional Accessories,2,20.19,0.0,40.38
371,2025-04-23,4,2025,C160,P245,Essential Fatty Acids,1,8.01,0.0,8.01
372,2025-06-09,6,2025,C068,P224,D3 Formulations,1,16.86,0.1,15.17
372,2025-06-09,6,2025,C068,P234,D3 Formulations,5,33.27,0.1,149.72
373,2025-03-22,3,2025,C027,P024,Nutritional Accessories,5,7.49,0.1,33.71
373,2025-03-22,3,2025,C027,P176,Herbs,1,7.5,0.1,6.75
373,2025-03-22,3,2025,C027,P107,Herbs,4,20.58,0.1,74.09
373,2025-03-22,3,2025,C027,P013,C Formulations,2,26.39,0.1,47.5
374,2025-12-25,12,2025,C031,P091,Nutritional Accessories,1,12.88,0.12,11.33
374,2025-12-25,12,2025,C031,P166,Multiple Formulas,1,6.88,0.12,6.05
374,2025-12-25,12,2025,C031,P073,Multiple Formulas,1,32.02,0.12,28.18
375,2025-07-28,7,2025,C008,P054,D3 Formulations,1,33.17,0.0,33.17
375,2025-07-28,7,2025,C008,P248,Multiple Formulas,3,8.74,0.0,26.22
375,2025-07-28,7,2025,C008,P147,C Formulations,3,29.49,0.0,88.47
376,2025-03-14,3,2025,C103,P053,C Formulations,6,17.22,0.1,92.99
376,2025-03-14,3,2025,C103,P226,B Formulations,4,20.59,0.1,74.12
376,2025-03-14,3,2025,C103,P207,Nutritional Accessories,2,27.98,0.1,50.36
376,2025-03-14,3,2025,C103,P061,C Formulations,1,25.14,0.1,22.63
376,2025-03-14,3,2025,C103,P026,Herbs,3,32.34,0.1,87.32
376,2025-03-14,3,2025,C103,P227,Minerals,4,30.84,0.1,111.02
376,2025-03-14,3,2025,C103,P133,Multiple Formulas,5,26.18,0.1,117.81
376,2025-03-14,3,2025,C103,P095,Herbs,2,30.63,0.1,55.13
377,2025-08-05,8,2025,C124,P159,Multiple Formulas,1,8.73,0.05,8.29
377,2025-08-05,8,2025,C124,P165,B Formulations,5,23.13,0.05,109.87
377,2025-08-05,8,2025,C124,P056,D3 Formulations,1,15.89,0.05,15.1
377,2025-08-05,8,2025,C124,P069,D3 Formulations,3,24.36,0.05,69.43
378,2025-08-07,8,2025,C163,P071,B Formulations,1,16.13,0.12,14.19
378,2025-08-07,8,2025,C163,P177,C Formulations,4,21.41,0.12,75.36
378,2025-08-07,8,2025,C163,P157,Essential Fatty Acids,1,15.8,0.12,13.9
379,2025-05-06,5,2025,C067,P105,B Formulations,2,24.3,0.12,42.77
379,2025-05-06,5,2025,C067,P110,Essential Fatty Acids,3,11.66,0.12,30.78
379,2025-05-06,5,2025,C067,P044,Nutritional Accessories,5,7.18,0.12,31.59
380,2025-11-11,11,2025,C122,P214,Essential Fatty Acids,3,19.75,0.1,53.32
380,2025-11-11,11,2025,C122,P119,Nutritional Accessories,3,16.73,0.1,45.17
380,2025-11-11,11,2025,C122,P122,Minerals,4,18.42,0.1,66.31
380,2025-11-11,11,2025,C122,P077,D3 Formulations,5,8.44,0.1,37.98
381,2025-09-01,9,2025,C036,P052,Herbs,2,26.04,0.12,45.83
381,2025-09-01,9,2025,C036,P032,Multiple Formulas,4,25.49,0.12,89.72
381,2025-09-01,9,2025,C036,P206,Minerals,1,16.32,0.12,14.36
382,2025-02-03,2,2025,C025,P093,B Formulations,1,27.65,0.05,26.27
382,2025-02-03,2,2025,C025,P082,D3 Formulations,1,8.94,0.05,8.49
383,2025-04-09,4,2025,C054,P057,Nutritional Accessories,1,9.29,0.15,7.9
383,2025-04-09,4,2025,C054,P214,Essential Fatty Acids,1,19.75,0.15,16.79
383,2025-04-09,4,2025,C054,P248,Multiple Formulas,1,8.74,0.15,7.43
384,2025-07-24,7,2025,C117,P223,Herbs,2,7.31,0.12,12.87
384,2025-07-24,7,2025,C117,P144,Nutritional Accessories,1,16.43,0.12,14.46
384,2025-07-24,7,2025,C117,P008,Minerals,1,9.48,0.12,8.34
385,2025-05-13,5,2025,C166,P031,Minerals,1,13.02,0.1,11.72
385,2025-05-13,5,2025,C166,P228,Herbs,4,25.1,0.1,90.36
386,2025-04-18,4,2025,C140,P075,Minerals,4,28.62,0.05,108.76
386,2025-04-18,4,2025,C140,P161,Essential Fatty Acids,5,7.04,0.05,33.44
387,2025-05-28,5,2025,C050,P166,Multiple Formulas,3,6.88,0.12,18.16
387,2025-05-28,5,2025,C050,P073,Multiple Formulas,5,32.02,0.12,140.89
388,2025-01-06,1,2025,C003,P052,Herbs,6,26.04,0.2,124.99
389,2025-12-21,12,2025,C045,P218,Minerals,2,11.02,0.1,19.84
389,2025-12-21,12,2025,C045,P164,D3 Formulations,1,14.31,0.1,12.88
389,2025-12-21,12,2025,C045,P129,D3 Formulations,4,15.19,0.1,54.68
390,2025-06-10,6,2025,C077,P093,B Formulations,1,27.65,0.15,23.5
390,2025-06-10,6,2025,C077,P168,Essential Fatty Acids,2,29.86,0.15,50.76
391,2025-05-02,5,2025,C112,P176,Herbs,5,7.5,0.15,31.88
392,2025-04-26,4,2025,C125,P240,Nutritional Accessories,2,33.3,0.1,59.94
393,2025-09-20,9,2025,C086,P066,B Formulations,4,8.7,0.12,30.62
393,2025-09-20,9,2025,C086,P073,Multiple Formulas,2,32.02,0.12,56.36
394,2025-05-27,5,2025,C076,P109,Herbs,3,20.28,0.05,57.8
394,2025-05-27,5,2025,C076,P040,C Formulations,6,8.62,0.05,49.13
394,2025-05-27,5,2025,C076,P013,C Formulations,4,26.39,0.05,100.28
394,2025-05-27,5,2025,C076,P005,C Formulations,1,20.81,0.05,19.77
394,2025-05-27,5,2025,C076,P174,D3 Formulations,3,24.06,0.05,68.57
394,2025-05-27,5,2025,C076,P232,D3 Formulations,1,6.77,0.05,6.43
394,2025-05-27,5,2025,C076,P032,Multiple Formulas,3,25.49,0.05,72.65
394,2025-05-27,5,2025,C076,P106,B Formulations,2,29.05,0.05,55.2
394,2025-05-27,5,2025,C076,P138,Multiple Formulas,6,10.06,0.05,57.34
394,2025-05-27,5,2025,C076,P044,Nutritional Accessories,1,7.18,0.05,6.82
395,2025-05-05,5,2025,C075,P111,Nutritional Accessories,3,26.95,0.05,76.81
395,2025-05-05,5,2025,C075,P208,D3 Formulations,1,6.42,0.05,6.1
395,2025-05-05,5,2025,C075,P183,Herbs,2,15.37,0.05,29.2
395,2025-05-05,5,2025,C075,P061,C Formulations,3,25.14,0.05,71.65
396,2025-11-28,11,2025,C147,P221,C Formulations,1,23.86,0.12,21.0
396,2025-11-28,11,2025,C147,P091,Nutritional Accessories,4,12.88,0.12,45.34
396,2025-11-28,11,2025,C147,P184,C Formulations,5,29.06,0.12,127.86
397,2025-04-18,4,2025,C110,P173,C Formulations,2,12.26,0.12,21.58
397,2025-04-18,4,2025,C110,P162,Multiple Formulas,4,19.5,0.12,68.64
397,2025-04-18,4,2025,C110,P054,D3 Formulations,2,33.17,0.12,58.38
397,2025-04-18,4,2025,C110,P201,Essential Fatty Acids,2,27.4,0.12,48.22
398,2025-03-10,3,2025,C137,P117,Multiple Formulas,1,33.66,0.12,29.62
398,2025-03-10,3,2025,C137,P067,D3 Formulations,1,32.02,0.12,28.18
398,2025-03-10,3,2025,C137,P052,Herbs,1,26.04,0.12,22.92
398,2025-03-10,3,2025,C137,P192,C Formulations,1,17.86,0.12,15.72
399,2025-06-07,6,2025,C138,P179,Multiple Formulas,3,24.49,0.2,58.78
399,2025-06-07,6,2025,C138,P167,Nutritional Accessories,6,7.08,0.2,33.98
399,2025-06-07,6,2025,C138,P026,Herbs,2,32.34,0.2,51.74
399,2025-06-07,6,2025,C138,P084,Nutritional Accessories,10,6.15,0.2,49.2
400,2025-08-02,8,2025,C114,P192,C Formulations,3,17.86,0.2,42.86
400,2025-08-02,8,2025,C114,P173,C Formulations,4,12.26,0.2,39.23
400,2025-08-02,8,2025,C114,P133,Multiple Formulas,2,26.18,0.2,41.89
400,2025-08-02,8,2025,C114,P155,Minerals,4,29.08,0.2,93.06
401,2025-12-04,12,2025,C014,P056,D3 Formulations,1,15.89,0.05,15.1
402,2025-09-02,9,2025,C057,P038,Multiple Formulas,10,24.37,0.15,207.14
402,2025-09-02,9,2025,C057,P198,D3 Formulations,1,25.15,0.15,21.38
402,2025-09-02,9,2025,C057,P035,Herbs,3,27.12,0.15,69.16
402,2025-09-02,9,2025,C057,P110,Essential Fatty Acids,6,11.66,0.15,59.47
402,2025-09-02,9,2025,C057,P079,Essential Fatty Acids,4,32.06,0.15,109.0
402,2025-09-02,9,2025,C057,P250,C Formulations,1,8.06,0.15,6.85
402,2025-09-02,9,2025,C057,P077,D3 Formulations,1,8.44,0.15,7.17
402,2025-09-02,9,2025,C057,P165,B Formulations,3,23.13,0.15,58.98
403,2025-09-20,9,2025,C127,P011,C Formulations,4,15.37,0.0,61.48
403,2025-09-20,9,2025,C127,P023,B Formulations,3,20.58,0.0,61.74
404,2025-09-15,9,2025,C007,P101,Essential Fatty Acids,2,13.08,0.1,23.54
405,2025-07-13,7,2025,C143,P042,Essential Fatty Acids,10,15.3,0.12,134.64
405,2025-07-13,7,2025,C143,P092,D3 Formulations,5,15.44,0.12,67.94
405,2025-07-13,7,2025,C143,P200,C Formulations,2,33.69,0.12,59.29
405,2025-07-13,7,2025,C143,P171,Nutritional Accessories,4,21.15,0.12,74.45
405,2025-07-13,7,2025,C143,P060,Minerals,1,13.48,0.12,11.86
405,2025-07-13,7,2025,C143,P224,D3 Formulations,1,16.86,0.12,14.84
405,2025-07-13,7,2025,C143,P177,C Formulations,1,21.41,0.12,18.84
405,2025-07-13,7,2025,C143,P148,C Formulations,2,31.15,0.12,54.82
406,2025-02-10,2,2025,C166,P063,Minerals,4,22.1,0.2,70.72
407,2025-12-02,12,2025,C091,P052,Herbs,1,26.04,0.1,23.44
407,2025-12-02,12,2025,C091,P152,C Formulations,2,29.15,0.1,52.47
407,2025-12-02,12,2025,C091,P220,Essential Fatty Acids,6,17.56,0.1,94.82
407,2025-12-02,12,2025,C091,P007,Minerals,1,12.44,0.1,11.2
408,2025-06-05,6,2025,C116,P241,B Formulations,4,17.2,0.12,60.54
409,2025-05-25,5,2025,C113,P134,Minerals,1,22.53,0.2,18.02
409,2025-05-25,5,2025,C113,P202,Nutritional Accessories,1,22.08,0.2,17.66
410,2025-05-14,5,2025,C093,P027,Herbs,2,12.95,0.05,24.6
411,2025-12-14,12,2025,C153,P206,Minerals,2,16.32,0.12,28.72
411,2025-12-14,12,2025,C153,P143,D3 Formulations,2,26.37,0.12,46.41
411,2025-12-14,12,2025,C153,P228,Herbs,1,25.1,0.12,22.09
412,2025-09-16,9,2025,C167,P040,C Formulations,1,8.62,0.12,7.59
412,2025-09-16,9,2025,C167,P246,Herbs,1,8.92,0.12,7.85
413,2025-04-02,4,2025,C179,P015,Nutritional Accessories,2,34.18,0.12,60.16
413,2025-04-02,4,2025,C179,P110,Essential Fatty Acids,4,11.66,0.12,41.04
413,2025-04-02,4,2025,C179,P210,Minerals,1,7.33,0.12,6.45
413,2025-04-02,4,2025,C179,P051,Essential Fatty Acids,3,11.06,0.12,29.2
414,2025-09-28,9,2025,C012,P160,D3 Formulations,2,22.77,0.12,40.08
414,2025-09-28,9,2025,C012,P224,D3 Formulations,3,16.86,0.12,44.51
414,2025-09-28,9,2025,C012,P143,D3 Formulations,4,26.37,0.12,92.82
415,2025-11-28,11,2025,C021,P186,Minerals,1,18.73,0.1,16.86
416,2025-08-18,8,2025,C101,P193,Multiple Formulas,2,11.03,0.12,19.41
416,2025-08-18,8,2025,C101,P057,Nutritional Accessories,2,9.29,0.12,16.35
417,2025-12-14,12,2025,C058,P060,Minerals,1,13.48,0.12,11.86
417,2025-12-14,12,2025,C058,P066,B Formulations,3,8.7,0.12,22.97
418,2025-03-06,3,2025,C179,P193,Multiple Formulas,3,11.03,0.12,29.12
418,2025-03-06,3,2025,C179,P165,B Formulations,2,23.13,0.12,40.71
419,2025-03-16,3,2025,C080,P183,Herbs,2,15.37,0.1,27.67
419,2025-03-16,3,2025,C080,P089,D3 Formulations,1,12.5,0.1,11.25
419,2025-03-16,3,2025,C080,P102,B Formulations,2,34.22,0.1,61.6
420,2025-09-24,9,2025,C130,P132,Minerals,4,33.15,0.05,125.97
420,2025-09-24,9,2025,C130,P143,D3 Formulations,4,26.37,0.05,100.21
420,2025-09-24,9,2025,C130,P067,D3 Formulations,1,32.02,0.05,30.42
420,2025-09-24,9,2025,C130,P107,Herbs,1,20.58,0.05,19.55
420,2025-09-24,9,2025,C130,P018,Nutritional Accessories,1,20.42,0.05,19.4
421,2025-08-13,8,2025,C003,P057,Nutritional Accessories,1,9.29,0.12,8.18
421,2025-08-13,8,2025,C003,P063,Minerals,1,22.1,0.12,19.45
422,2025-11-18,11,2025,C148,P145,Nutritional Accessories,1,14.51,0.2,11.61
422,2025-11-18,11,2025,C148,P053,C Formulations,2,17.22,0.2,27.55
422,2025-11-18,11,2025,C148,P143,D3 Formulations,2,26.37,0.2,42.19
422,2025-11-18,11,2025,C148,P008,Minerals,3,9.48,0.2,22.75
423,2025-12-28,12,2025,C121,P107,Herbs,2,20.58,0.05,39.1
423,2025-12-28,12,2025,C121,P027,Herbs,4,12.95,0.05,49.21
424,2025-07-21,7,2025,C021,P096,Herbs,1,25.07,0.1,22.56
425,2025-03-04,3,2025,C036,P052,Herbs,2,26.04,0.1,46.87
425,2025-03-04,3,2025,C036,P009,Essential Fatty Acids,1,15.79,0.1,14.21
426,2025-01-16,1,2025,C168,P235,D3 Formulations,3,22.69,0.12,59.9
426,2025-01-16,1,2025,C168,P087,Herbs,1,26.06,0.12,22.93
426,2025-01-16,1,2025,C168,P070,Herbs,1,15.83,0.12,13.93
426,2025-01-16,1,2025,C168,P069,D3 Formulations,1,24.36,0.12,21.44
427,2025-06-28,6,2025,C040,P003,Minerals,2,30.96,0.05,58.82
427,2025-06-28,6,2025,C040,P121,Nutritional Accessories,1,32.92,0.05,31.27
427,2025-06-28,6,2025,C040,P154,C Formulations,1,26.36,0.05,25.04
428,2025-03-07,3,2025,C115,P157,Essential Fatty Acids,1,15.8,0.05,15.01
428,2025-03-07,3,2025,C115,P153,Multiple Formulas,3,24.85,0.05,70.82
428,2025-03-07,3,2025,C115,P237,Herbs,2,24.66,0.05,46.85
428,2025-03-07,3,2025,C115,P084,Nutritional Accessories,1,6.15,0.05,5.84
429,2025-12-13,12,2025,C103,P154,C Formulations,2,26.36,0.15,44.81
429,2025-12-13,12,2025,C103,P075,Minerals,2,28.62,0.15,48.65
429,2025-12-13,12,2025,C103,P010,B Formulations,5,33.34,0.15,141.7
429,2025-12-13,12,2025,C103,P028,B Formulations,2,10.2,0.15,17.34
429,2025-12-13,12,2025,C103,P151,C Formulations,1,20.54,0.15,17.46
429,2025-12-13,12,2025,C103,P051,Essential Fatty Acids,3,11.06,0.15,28.2
429,2025-12-13,12,2025,C103,P204,Multiple Formulas,1,18.17,0.15,15.44
429,2025-12-13,12,2025,C103,P236,D3 Formulations,5,17.26,0.15,73.36
429,2025-12-13,12,2025,C103,P024,Nutritional Accessories,5,7.49,0.15,31.83
429,2025-12-13,12,2025,C103,P122,Minerals,2,18.42,0.15,31.31
430,2025-05-31,5,2025,C018,P189,Essential Fatty Acids,2,33.92,0.15,57.66
430,2025-05-31,5,2025,C018,P250,C Formulations,1,8.06,0.15,6.85
430,2025-05-31,5,2025,C018,P195,Essential Fatty Acids,5,13.26,0.15,56.36
431,2025-12-16,12,2025,C109,P080,D3 Formulations,4,23.59,0.1,84.92
431,2025-12-16,12,2025,C109,P165,B Formulations,1,23.13,0.1,20.82
431,2025-12-16,12,2025,C109,P161,Essential Fatty Acids,5,7.04,0.1,31.68
431,2025-12-16,12,2025,C109,P167,Nutritional Accessories,4,7.08,0.1,25.49
432,2025-01-23,1,2025,C149,P194,Essential Fatty Acids,1,10.54,0.1,9.49
432,2025-01-23,1,2025,C149,P225,B Formulations,1,24.15,0.1,21.74
432,2025-01-23,1,2025,C149,P143,D3 Formulations,3,26.37,0.1,71.2
432,2025-01-23,1,2025,C149,P086,C Formulations,1,21.91,0.1,19.72
433,2025-01-30,1,2025,C080,P138,Multiple Formulas,1,10.06,0.15,8.55
433,2025-01-30,1,2025,C080,P105,B Formulations,3,24.3,0.15,61.96
434,2025-09-08,9,2025,C167,P008,Minerals,1,9.48,0.12,8.34
434,2025-09-08,9,2025,C167,P217,D3 Formulations,1,19.73,0.12,17.36
434,2025-09-08,9,2025,C167,P237,Herbs,1,24.66,0.12,21.7
434,2025-09-08,9,2025,C167,P175,Nutritional Accessories,2,8.48,0.12,14.92
435,2025-01-04,1,2025,C062,P193,Multiple Formulas,1,11.03,0.1,9.93
435,2025-01-04,1,2025,C062,P031,Minerals,3,13.02,0.1,35.15
435,2025-01-04,1,2025,C062,P084,Nutritional Accessories,3,6.15,0.1,16.61
436,2025-02-12,2,2025,C171,P226,B Formulations,1,20.59,0.2,16.47
436,2025-02-12,2,2025,C171,P227,Minerals,1,30.84,0.2,24.67
436,2025-02-12,2,2025,C171,P250,C Formulations,2,8.06,0.2,12.9
437,2025-04-27,4,2025,C119,P025,D3 Formulations,4,14.08,0.0,56.32
438,2025-09-03,9,2025,C055,P249,Multiple Formulas,2,25.81,0.12,45.43
438,2025-09-03,9,2025,C055,P116,D3 Formulations,10,33.27,0.12,292.78
438,2025-09-03,9,2025,C055,P089,D3 Formulations,4,12.5,0.12,44.0
439,2025-01-23,1,2025,C136,P202,Nutritional Accessories,2,22.08,0.2,35.33
439,2025-01-23,1,2025,C136,P074,B Formulations,1,31.73,0.2,25.38
439,2025-01-23,1,2025,C136,P216,Minerals,1,20.26,0.2,16.21
440,2025-09-18,9,2025,C102,P058,Multiple Formulas,1,32.82,0.05,31.18
440,2025-09-18,9,2025,C102,P226,B Formulations,3,20.59,0.05,58.68
441,2025-05-27,5,2025,C171,P021,Herbs,1,7.07,0.05,6.72
441,2025-05-27,5,2025,C171,P159,Multiple Formulas,1,8.73,0.05,8.29
441,2025-05-27,5,2025,C171,P045,D3 Formulations,10,23.14,0.05,219.83
442,2025-12-05,12,2025,C155,P243,D3 Formulations,4,32.26,0.05,122.59
442,2025-12-05,12,2025,C155,P074,B Formulations,1,31.73,0.05,30.14
442,2025-12-05,12,2025,C155,P166,Multiple Formulas,3,6.88,0.05,19.61
443,2025-02-09,2,2025,C103,P086,C Formulations,6,21.91,0.12,115.68
444,2025-07-05,7,2025,C110,P192,C Formulations,2,17.86,0.12,31.43
444,2025-07-05,7,2025,C110,P148,C Formulations,2,31.15,0.12,54.82
444,2025-07-05,7,2025,C110,P128,Multiple Formulas,1,30.68,0.12,27.0
445,2025-01-14,1,2025,C137,P071,B Formulations,3,16.13,0.1,43.55
445,2025-01-14,1,2025,C137,P151,C Formulations,2,20.54,0.1,36.97
446,2025-03-02,3,2025,C137,P107,Herbs,2,20.58,0.12,36.22
447,2025-04-08,4,2025,C125,P037,D3 Formulations,1,24.34,0.12,21.42
447,2025-04-08,4,2025,C125,P203,Essential Fatty Acids,1,23.74,0.12,20.89
447,2025-04-08,4,2025,C125,P210,Minerals,1,7.33,0.12,6.45
448,2025-10-29,10,2025,C014,P040,C Formulations,3,8.62,0.12,22.76
449,2025-02-27,2,2025,C089,P093,B Formulations,2,27.65,0.05,52.54
449,2025-02-27,2,2025,C089,P128,Multiple Formulas,6,30.68,0.05,174.88
449,2025-02-27,2,2025,C089,P180,C Formulations,1,27.06,0.05,25.71
449,2025-02-27,2,2025,C089,P243,D3 Formulations,3,32.26,0.05,91.94
449,2025-02-27,2,2025,C089,P087,Herbs,4,26.06,0.05,99.03
450,2025-10-18,10,2025,C122,P119,Nutritional Accessories,3,16.73,0.12,44.17
451,2025-05-04,5,2025,C124,P133,Multiple Formulas,1,26.18,0.1,23.56
451,2025-05-04,5,2025,C124,P207,Nutritional Accessories,1,27.98,0.1,25.18
451,2025-05-04,5,2025,C124,P004,Essential Fatty Acids,4,6.2,0.1,22.32
452,2025-10-16,10,2025,C016,P078,D3 Formulations,1,10.69,0.12,9.41
452,2025-10-16,10,2025,C016,P140,Multiple Formulas,10,31.44,0.12,276.67
453,2025-05-14,5,2025,C108,P108,D3 Formulations,2,22.73,0.12,40.0
453,2025-05-14,5,2025,C108,P211,Essential Fatty Acids,4,7.18,0.12,25.27
453,2025-05-14,5,2025,C108,P036,Minerals,2,16.67,0.12,29.34
453,2025-05-14,5,2025,C108,P210,Minerals,5,7.33,0.12,32.25
453,2025-05-14,5,2025,C108,P129,D3 Formulations,4,15.19,0.12,53.47
453,2025-05-14,5,2025,C108,P012,Essential Fatty Acids,1,21.04,0.12,18.52
453,2025-05-14,5,2025,C108,P096,Herbs,1,25.07,0.12,22.06
453,2025-05-14,5,2025,C108,P149,Multiple Formulas,1,32.48,0.12,28.58
454,2025-04-07,4,2025,C059,P111,Nutritional Accessories,3,26.95,0.1,72.76
454,2025-04-07,4,2025,C059,P144,Nutritional Accessories,3,16.43,0.1,44.36
454,2025-04-07,4,2025,C059,P233,D3 Formulations,10,22.99,0.1,206.91
454,2025-04-07,4,2025,C059,P005,C Formulations,3,20.81,0.1,56.19
454,2025-04-07,4,2025,C059,P214,Essential Fatty Acids,3,19.75,0.1,53.32
454,2025-04-07,4,2025,C059,P158,B Formulations,5,16.89,0.1,76.01
454,2025-04-07,4,2025,C059,P084,Nutritional Accessories,5,6.15,0.1,27.68
454,2025-04-07,4,2025,C059,P015,Nutritional Accessories,1,34.18,0.1,30.76
455,2025-07-18,7,2025,C086,P082,D3 Formulations,1,8.94,0.0,8.94
455,2025-07-18,7,2025,C086,P147,C Formulations,6,29.49,0.0,176.94
455,2025-07-18,7,2025,C086,P083,Minerals,3,25.24,0.0,75.72
456,2025-10-18,10,2025,C142,P235,D3 Formulations,4,22.69,0.2,72.61
456,2025-10-18,10,2025,C142,P170,Herbs,5,9.68,0.2,38.72
456,2025-10-18,10,2025,C142,P244,Multiple Formulas,1,11.68,0.2,9.34
456,2025-10-18,10,2025,C142,P035,Herbs,2,27.12,0.2,43.39
457,2025-04-24,4,2025,C163,P078,D3 Formulations,1,10.69,0.2,8.55
457,2025-04-24,4,2025,C163,P148,C Formulations,2,31.15,0.2,49.84
457,2025-04-24,4,2025,C163,P235,D3 Formulations,1,22.69,0.2,18.15
458,2025-05-27,5,2025,C107,P052,Herbs,1,26.04,0.0,26.04
458,2025-05-27,5,2025,C107,P198,D3 Formulations,3,25.15,0.0,75.45
458,2025-05-27,5,2025,C107,P150,Nutritional Accessories,10,20.83,0.0,208.3
458,2025-05-27,5,2025,C107,P229,Multiple Formulas,2,10.73,0.0,21.46
459,2025-12-16,12,2025,C062,P055,Essential Fatty Acids,1,9.99,0.05,9.49
459,2025-12-16,12,2025,C062,P215,C Formulations,10,8.84,0.05,83.98
459,2025-12-16,12,2025,C062,P076,B Formulations,1,24.62,0.05,23.39
459,2025-12-16,12,2025,C062,P159,Multiple Formulas,1,8.73,0.05,8.29
459,2025-12-16,12,2025,C062,P094,Herbs,1,24.84,0.05,23.6
459,2025-12-16,12,2025,C062,P024,Nutritional Accessories,3,7.49,0.05,21.35
459,2025-12-16,12,2025,C062,P021,Herbs,2,7.07,0.05,13.43
459,2025-12-16,12,2025,C062,P183,Herbs,1,15.37,0.05,14.6
459,2025-12-16,12,2025,C062,P163,Nutritional Accessories,1,21.74,0.05,20.65
459,2025-12-16,12,2025,C062,P045,D3 Formulations,2,23.14,0.05,43.97
459,2025-12-16,12,2025,C062,P231,Herbs,1,24.63,0.05,23.4
459,2025-12-16,12,2025,C062,P067,D3 Formulations,1,32.02,0.05,30.42
459,2025-12-16,12,2025,C062,P127,B Formulations,3,17.17,0.05,48.93
459,2025-12-16,12,2025,C062,P181,Minerals,1,34.3,0.05,32.58
459,2025-12-16,12,2025,C062,P029,Nutritional Accessories,1,20.19,0.05,19.18
460,2025-01-26,1,2025,C118,P158,B Formulations,1,16.89,0.0,16.89
460,2025-01-26,1,2025,C118,P069,D3 Formulations,4,24.36,0.0,97.44
461,2025-04-06,4,2025,C122,P114,Herbs,2,24.72,0.12,43.51
462,2025-05-25,5,2025,C147,P074,B Formulations,3,31.73,0.2,76.15
462,2025-05-25,5,2025,C147,P158,B Formulations,1,16.89,0.2,13.51
462,2025-05-25,5,2025,C147,P128,Multiple Formulas,1,30.68,0.2,24.54
462,2025-05-25,5,2025,C147,P055,Essential Fatty Acids,2,9.99,0.2,15.98
462,2025-05-25,5,2025,C147,P242,Essential Fatty Acids,4,33.87,0.2,108.38
462,2025-05-25,5,2025,C147,P093,B Formulations,4,27.65,0.2,88.48
462,2025-05-25,5,2025,C147,P209,Herbs,2,9.37,0.2,14.99
462,2025-05-25,5,2025,C147,P182,Essential Fatty Acids,1,20.97,0.2,16.78
463,2025-09-05,9,2025,C164,P235,D3 Formulations,1,22.69,0.12,19.97
463,2025-09-05,9,2025,C164,P205,D3 Formulations,1,13.18,0.12,11.6
463,2025-09-05,9,2025,C164,P030,D3 Formulations,3,34.58,0.12,91.29
464,2025-04-21,4,2025,C123,P164,D3 Formulations,1,14.31,0.12,12.59
464,2025-04-21,4,2025,C123,P062,Essential Fatty Acids,1,29.7,0.12,26.14
464,2025-04-21,4,2025,C123,P004,Essential Fatty Acids,2,6.2,0.12,10.91
464,2025-04-21,4,2025,C123,P188,Essential Fatty Acids,1,6.74,0.12,5.93
464,2025-04-21,4,2025,C123,P109,Herbs,3,20.28,0.12,53.54
464,2025-04-21,4,2025,C123,P056,D3 Formulations,1,15.89,0.12,13.98
464,2025-04-21,4,2025,C123,P205,D3 Formulations,2,13.18,0.12,23.2
464,2025-04-21,4,2025,C123,P058,Multiple Formulas,3,32.82,0.12,86.64
464,2025-04-21,4,2025,C123,P180,C Formulations,3,27.06,0.12,71.44
464,2025-04-21,4,2025,C123,P197,B Formulations,4,26.72,0.12,94.05
464,2025-04-21,4,2025,C123,P054,D3 Formulations,2,33.17,0.12,58.38
464,2025-04-21,4,2025,C123,P121,Nutritional Accessories,1,32.92,0.12,28.97
464,2025-04-21,4,2025,C123,P013,C Formulations,1,26.39,0.12,23.22
464,2025-04-21,4,2025,C123,P043,B Formulations,2,11.41,0.12,20.08
464,2025-04-21,4,2025,C123,P210,Minerals,3,7.33,0.12,19.35
465,2025-10-27,10,2025,C016,P043,B Formulations,1,11.41,0.2,9.13
465,2025-10-27,10,2025,C016,P102,B Formulations,2,34.22,0.2,54.75
465,2025-10-27,10,2025,C016,P105,B Formulations,1,24.3,0.2,19.44
466,2025-09-28,9,2025,C095,P204,Multiple Formulas,4,18.17,0.1,65.41
466,2025-09-28,9,2025,C095,P056,D3 Formulations,2,15.89,0.1,28.6
466,2025-09-28,9,2025,C095,P231,Herbs,5,24.63,0.1,110.84
466,2025-09-28,9,2025,C095,P216,Minerals,2,20.26,0.1,36.47
466,2025-09-28,9,2025,C095,P024,Nutritional Accessories,1,7.49,0.1,6.74
466,2025-09-28,9,2025,C095,P087,Herbs,1,26.06,0.1,23.45
466,2025-09-28,9,2025,C095,P199,Minerals,2,14.12,0.1,25.42
466,2025-09-28,9,2025,C095,P131,D3 Formulations,2,22.15,0.1,39.87
467,2025-12-31,12,2025,C160,P199,Minerals,2,14.12,0.2,22.59
467,2025-12-31,12,2025,C160,P224,D3 Formulations,4,16.86,0.2,53.95
468,2025-04-07,4,2025,C127,P165,B Formulations,2,23.13,0.1,41.63
468,2025-04-07,4,2025,C127,P200,C Formulations,4,33.69,0.1,121.28
468,2025-04-07,4,2025,C127,P235,D3 Formulations,1,22.69,0.1,20.42
468,2025-04-07,4,2025,C127,P062,Essential Fatty Acids,2,29.7,0.1,53.46
468,2025-04-07,4,2025,C127,P211,Essential Fatty Acids,6,7.18,0.1,38.77
468,2025-04-07,4,2025,C127,P089,D3 Formulations,4,12.5,0.1,45.0
468,2025-04-07,4,2025,C127,P207,Nutritional Accessories,2,27.98,0.1,50.36
468,2025-04-07,4,2025,C127,P175,Nutritional Accessories,2,8.48,0.1,15.26
469,2025-05-24,5,2025,C047,P138,Multiple Formulas,5,10.06,0.12,44.26
469,2025-05-24,5,2025,C047,P204,Multiple Formulas,3,18.17,0.12,47.97
470,2025-09-06,9,2025,C084,P160,D3 Formulations,6,22.77,0.05,129.79
470,2025-09-06,9,2025,C084,P164,D3 Formulations,1,14.31,0.05,13.59
471,2025-06-16,6,2025,C120,P015,Nutritional Accessories,3,34.18,0.0,102.54
471,2025-06-16,6,2025,C120,P096,Herbs,2,25.07,0.0,50.14
471,2025-06-16,6,2025,C120,P032,Multiple Formulas,2,25.49,0.0,50.98
471,2025-06-16,6,2025,C120,P218,Minerals,1,11.02,0.0,11.02
471,2025-06-16,6,2025,C120,P247,Multiple Formulas,3,6.53,0.0,19.59
472,2025-12-23,12,2025,C151,P120,Minerals,1,6.45,0.2,5.16
472,2025-12-23,12,2025,C151,P024,Nutritional Accessories,3,7.49,0.2,17.98
473,2025-02-15,2,2025,C164,P017,D3 Formulations,4,13.3,0.1,47.88
473,2025-02-15,2,2025,C164,P057,Nutritional Accessories,6,9.29,0.1,50.17
473,2025-02-15,2,2025,C164,P053,C Formulations,1,17.22,0.1,15.5
474,2025-09-16,9,2025,C081,P150,Nutritional Accessories,5,20.83,0.1,93.74
474,2025-09-16,9,2025,C081,P030,D3 Formulations,5,34.58,0.1,155.61
474,2025-09-16,9,2025,C081,P122,Minerals,6,18.42,0.1,99.47
474,2025-09-16,9,2025,C081,P018,Nutritional Accessories,1,20.42,0.1,18.38
475,2025-11-24,11,2025,C133,P148,C Formulations,1,31.15,0.1,28.04
475,2025-11-24,11,2025,C133,P180,C Formulations,1,27.06,0.1,24.35
475,2025-11-24,11,2025,C133,P020,C Formulations,1,14.26,0.1,12.83
475,2025-11-24,11,2025,C133,P128,Multiple Formulas,2,30.68,0.1,55.22
476,2025-04-12,4,2025,C124,P100,Minerals,10,13.69,0.15,116.36
476,2025-04-12,4,2025,C124,P166,Multiple Formulas,2,6.88,0.15,11.7
477,2025-03-26,3,2025,C032,P190,Herbs,1,30.24,0.1,27.22
478,2025-10-20,10,2025,C146,P249,Multiple Formulas,3,25.81,0.12,68.14
478,2025-10-20,10,2025,C146,P189,Essential Fatty Acids,2,33.92,0.12,59.7
478,2025-10-20,10,2025,C146,P146,Essential Fatty Acids,10,29.47,0.12,259.34
479,2025-09-09,9,2025,C062,P078,D3 Formulations,1,10.69,0.15,9.09
480,2025-08-24,8,2025,C095,P211,Essential Fatty Acids,1,7.18,0.12,6.32
480,2025-08-24,8,2025,C095,P217,D3 Formulations,1,19.73,0.12,17.36
481,2025-08-19,8,2025,C006,P098,D3 Formulations,1,8.72,0.15,7.41
481,2025-08-19,8,2025,C006,P008,Minerals,2,9.48,0.15,16.12
482,2025-11-17,11,2025,C004,P014,C Formulations,4,16.55,0.1,59.58
482,2025-11-17,11,2025,C004,P097,B Formulations,6,22.48,0.1,121.39
483,2025-10-21,10,2025,C137,P030,D3 Formulations,1,34.58,0.15,29.39
484,2025-07-28,7,2025,C123,P078,D3 Formulations,1,10.69,0.15,9.09
484,2025-07-28,7,2025,C123,P012,Essential Fatty Acids,1,21.04,0.15,17.88
484,2025-07-28,7,2025,C123,P177,C Formulations,3,21.41,0.15,54.6
484,2025-07-28,7,2025,C123,P124,Essential Fatty Acids,1,33.94,0.15,28.85
484,2025-07-28,7,2025,C123,P238,Herbs,1,19.29,0.15,16.4
485,2025-03-14,3,2025,C161,P094,Herbs,3,24.84,0.05,70.79
485,2025-03-14,3,2025,C161,P130,D3 Formulations,3,10.92,0.05,31.12
485,2025-03-14,3,2025,C161,P231,Herbs,1,24.63,0.05,23.4
485,2025-03-14,3,2025,C161,P215,C Formulations,2,8.84,0.05,16.8
486,2025-11-22,11,2025,C033,P162,Multiple Formulas,2,19.5,0.2,31.2
486,2025-11-22,11,2025,C033,P052,Herbs,1,26.04,0.2,20.83
486,2025-11-22,11,2025,C033,P013,C Formulations,1,26.39,0.2,21.11
486,2025-11-22,11,2025,C033,P044,Nutritional Accessories,5,7.18,0.2,28.72
486,2025-11-22,11,2025,C033,P043,B Formulations,3,11.41,0.2,27.38
486,2025-11-22,11,2025,C033,P151,C Formulations,1,20.54,0.2,16.43
486,2025-11-22,11,2025,C033,P080,D3 Formulations,1,23.59,0.2,18.87
486,2025-11-22,11,2025,C033,P240,Nutritional Accessories,1,33.3,0.2,26.64
486,2025-11-22,11,2025,C033,P083,Minerals,1,25.24,0.2,20.19
486,2025-11-22,11,2025,C033,P098,D3 Formulations,4,8.72,0.2,27.9
487,2025-08-27,8,2025,C095,P195,Essential Fatty Acids,1,13.26,0.2,10.61
488,2025-12-06,12,2025,C096,P169,Essential Fatty Acids,3,16.45,0.2,39.48
488,2025-12-06,12,2025,C096,P219,Nutritional Accessories,2,18.58,0.2,29.73
489,2025-01-09,1,2025,C094,P128,Multiple Formulas,2,30.68,0.12,54.0
489,2025-01-09,1,2025,C094,P088,Multiple Formulas,3,24.91,0.12,65.76
490,2025-10-23,10,2025,C104,P001,Essential Fatty Acids,1,18.39,0.15,15.63
490,2025-10-23,10,2025,C104,P219,Nutritional Accessories,1,18.58,0.15,15.79
490,2025-10-23,10,2025,C104,P021,Herbs,3,7.07,0.15,18.03
490,2025-10-23,10,2025,C104,P220,Essential Fatty Acids,2,17.56,0.15,29.85
491,2025-11-24,11,2025,C158,P133,Multiple Formulas,3,26.18,0.12,69.12
491,2025-11-24,11,2025,C158,P184,C Formulations,2,29.06,0.12,51.15
491,2025-11-24,11,2025,C158,P169,Essential Fatty Acids,2,16.45,0.12,28.95
492,2025-06-01,6,2025,C153,P169,Essential Fatty Acids,5,16.45,0.1,74.03
492,2025-06-01,6,2025,C153,P069,D3 Formulations,3,24.36,0.1,65.77
492,2025-06-01,6,2025,C153,P108,D3 Formulations,1,22.73,0.1,20.46
493,2025-05-18,5,2025,C022,P044,Nutritional Accessories,4,7.18,0.05,27.28
493,2025-05-18,5,2025,C022,P034,B Formulations,1,12.89,0.05,12.25
493,2025-05-18,5,2025,C022,P032,Multiple Formulas,1,25.49,0.05,24.22
494,2025-12-13,12,2025,C037,P246,Herbs,2,8.92,0.05,16.95
494,2025-12-13,12,2025,C037,P168,Essential Fatty Acids,5,29.86,0.05,141.84
494,2025-12-13,12,2025,C037,P241,B Formulations,6,17.2,0.05,98.04
494,2025-12-13,12,2025,C037,P097,B Formulations,1,22.48,0.05,21.36
495,2025-01-05,1,2025,C143,P109,Herbs,4,20.28,0.1,73.01
495,2025-01-05,1,2025,C143,P095,Herbs,1,30.63,0.1,27.57
495,2025-01-05,1,2025,C143,P054,D3 Formulations,1,33.17,0.1,29.85
496,2025-08-24,8,2025,C114,P142,Multiple Formulas,2,26.21,0.1,47.18
497,2025-12-05,12,2025,C126,P002,D3 Formulations,2,29.72,0.2,47.55
497,2025-12-05,12,2025,C126,P074,B Formulations,3,31.73,0.2,76.15
497,2025-12-05,12,2025,C126,P184,C Formulations,1,29.06,0.2,23.25
498,2025-03-31,3,2025,C093,P052,Herbs,2,26.04,0.2,41.66
498,2025-03-31,3,2025,C093,P249,Multiple Formulas,4,25.81,0.2,82.59
498,2025-03-31,3,2025,C093,P141,Nutritional Accessories,1,27.48,0.2,21.98
499,2025-08-19,8,2025,C089,P030,D3 Formulations,2,34.58,0.12,60.86
499,2025-08-19,8,2025,C089,P164,D3 Formulations,4,14.31,0.12,50.37
500,2025-01-16,1,2025,C003,P088,Multiple Formulas,6,24.91,0.12,131.52
500,2025-01-16,1,2025,C003,P025,D3 Formulations,1,14.08,0.12,12.39
500,2025-01-16,1,2025,C003,P100,Minerals,1,13.69,0.12,12.05
500,2025-01-16,1,2025,C003,P206,Minerals,1,16.32,0.12,14.36
500,2025-01-16,1,2025,C003,P185,Multiple Formulas,1,13.85,0.12,12.19
500,2025-01-16,1,2025,C003,P045,D3 Formulations,2,23.14,0.12,40.73
500,2025-01-16,1,2025,C003,P231,Herbs,1,24.63,0.12,21.67
500,2025-01-16,1,2025,C003,P166,Multiple Formulas,2,6.88,0.12,12.11
500,2025-01-16,1,2025,C003,P058,Multiple Formulas,2,32.82,0.12,57.76
500,2025-01-16,1,2025,C003,P047,Nutritional Accessories,2,6.48,0.12,11.4
501,2025-11-12,11,2025,C106,P140,Multiple Formulas,1,31.44,0.12,27.67
501,2025-11-12,11,2025,C106,P196,B Formulations,3,21.93,0.12,57.9
501,2025-11-12,11,2025,C106,P030,D3 Formulations,3,34.58,0.12,91.29
501,2025-11-12,11,2025,C106,P058,Multiple Formulas,3,32.82,0.12,86.64
502,2025-11-10,11,2025,C137,P002,D3 Formulations,5,29.72,0.15,126.31
502,2025-11-10,11,2025,C137,P070,Herbs,10,15.83,0.15,134.56
502,2025-11-10,11,2025,C137,P137,Multiple Formulas,2,34.71,0.15,59.01
502,2025-11-10,11,2025,C137,P018,Nutritional Accessories,1,20.42,0.15,17.36
502,2025-11-10,11,2025,C137,P152,C Formulations,3,29.15,0.15,74.33
502,2025-11-10,11,2025,C137,P062,Essential Fatty Acids,3,29.7,0.15,75.74
502,2025-11-10,11,2025,C137,P114,Herbs,2,24.72,0.15,42.02
502,2025-11-10,11,2025,C137,P167,Nutritional Accessories,2,7.08,0.15,12.04
502,2025-11-10,11,2025,C137,P154,C Formulations,4,26.36,0.15,89.62
502,2025-11-10,11,2025,C137,P164,D3 Formulations,1,14.31,0.15,12.16
503,2025-03-23,3,2025,C045,P235,D3 Formulations,4,22.69,0.15,77.15
503,2025-03-23,3,2025,C045,P169,Essential Fatty Acids,1,16.45,0.15,13.98
503,2025-03-23,3,2025,C045,P153,Multiple Formulas,4,24.85,0.15,84.49
504,2025-12-07,12,2025,C002,P077,D3 Formulations,5,8.44,0.05,40.09
504,2025-12-07,12,2025,C002,P182,Essential Fatty Acids,1,20.97,0.05,19.92
504,2025-12-07,12,2025,C002,P226,B Formulations,3,20.59,0.05,58.68
505,2025-07-19,7,2025,C093,P108,D3 Formulations,5,22.73,0.15,96.6
505,2025-07-19,7,2025,C093,P215,C Formulations,10,8.84,0.15,75.14
506,2025-08-27,8,2025,C078,P015,Nutritional Accessories,2,34.18,0.2,54.69
506,2025-08-27,8,2025,C078,P211,Essential Fatty Acids,4,7.18,0.2,22.98
507,2025-07-15,7,2025,C075,P007,Minerals,2,12.44,0.15,21.15
507,2025-07-15,7,2025,C075,P229,Multiple Formulas,1,10.73,0.15,9.12
507,2025-07-15,7,2025,C075,P067,D3 Formulations,1,32.02,0.15,27.22
507,2025-07-15,7,2025,C075,P231,Herbs,2,24.63,0.15,41.87
508,2025-09-03,9,2025,C009,P014,C Formulations,4,16.55,0.1,59.58
508,2025-09-03,9,2025,C009,P195,Essential Fatty Acids,1,13.26,0.1,11.93
509,2025-10-21,10,2025,C096,P131,D3 Formulations,3,22.15,0.05,63.13
509,2025-10-21,10,2025,C096,P162,Multiple Formulas,3,19.5,0.05,55.58
509,2025-10-21,10,2025,C096,P060,Minerals,1,13.48,0.05,12.81
509,2025-10-21,10,2025,C096,P221,C Formulations,3,23.86,0.05,68.0
509,2025-10-21,10,2025,C096,P013,C Formulations,2,26.39,0.05,50.14
509,2025-10-21,10,2025,C096,P203,Essential Fatty Acids,5,23.74,0.05,112.76
509,2025-10-21,10,2025,C096,P161,Essential Fatty Acids,2,7.04,0.05,13.38
509,2025-10-21,10,2025,C096,P069,D3 Formulations,1,24.36,0.05,23.14
510,2025-01-30,1,2025,C018,P089,D3 Formulations,1,12.5,0.1,11.25
510,2025-01-30,1,2025,C018,P107,Herbs,3,20.58,0.1,55.57
510,2025-01-30,1,2025,C018,P104,D3 Formulations,1,31.87,0.1,28.68
510,2025-01-30,1,2025,C018,P171,Nutritional Accessories,1,21.15,0.1,19.04
510,2025-01-30,1,2025,C018,P231,Herbs,2,24.63,0.1,44.33
510,2025-01-30,1,2025,C018,P094,Herbs,4,24.84,0.1,89.42
510,2025-01-30,1,2025,C018,P228,Herbs,5,25.1,0.1,112.95
510,2025-01-30,1,2025,C018,P241,B Formulations,2,17.2,0.1,30.96
511,2025-01-04,1,2025,C072,P110,Essential Fatty Acids,2,11.66,0.1,20.99
511,2025-01-04,1,2025,C072,P199,Minerals,5,14.12,0.1,63.54
511,2025-01-04,1,2025,C072,P238,Herbs,3,19.29,0.1,52.08
511,2025-01-04,1,2025,C072,P044,Nutritional Accessories,1,7.18,0.1,6.46
511,2025-01-04,1,2025,C072,P207,Nutritional Accessories,1,27.98,0.1,25.18
512,2025-02-19,2,2025,C080,P091,Nutritional Accessories,2,12.88,0.2,20.61
513,2025-04-11,4,2025,C083,P072,B Formulations,6,27.05,0.1,146.07
513,2025-04-11,4,2025,C083,P062,Essential Fatty Acids,6,29.7,0.1,160.38
513,2025-04-11,4,2025,C083,P176,Herbs,1,7.5,0.1,6.75
514,2025-10-17,10,2025,C180,P076,B Formulations,1,24.62,0.12,21.67
514,2025-10-17,10,2025,C180,P210,Minerals,6,7.33,0.12,38.7
514,2025-10-17,10,2025,C180,P074,B Formulations,3,31.73,0.12,83.77
514,2025-10-17,10,2025,C180,P123,B Formulations,3,34.03,0.12,89.84
515,2025-09-24,9,2025,C155,P038,Multiple Formulas,1,24.37,0.12,21.45
515,2025-09-24,9,2025,C155,P144,Nutritional Accessories,1,16.43,0.12,14.46
516,2025-06-25,6,2025,C087,P188,Essential Fatty Acids,2,6.74,0.12,11.86
517,2025-09-10,9,2025,C047,P201,Essential Fatty Acids,10,27.4,0.15,232.9
518,2025-11-05,11,2025,C044,P172,Minerals,4,28.33,0.12,99.72
518,2025-11-05,11,2025,C044,P054,D3 Formulations,3,33.17,0.12,87.57
518,2025-11-05,11,2025,C044,P243,D3 Formulations,2,32.26,0.12,56.78
519,2025-02-03,2,2025,C121,P014,C Formulations,1,16.55,0.1,14.9
519,2025-02-03,2,2025,C121,P045,D3 Formulations,6,23.14,0.1,124.96
519,2025-02-03,2,2025,C121,P138,Multiple Formulas,1,10.06,0.1,9.05
519,2025-02-03,2,2025,C121,P145,Nutritional Accessories,2,14.51,0.1,26.12
519,2025-02-03,2,2025,C121,P120,Minerals,4,6.45,0.1,23.22
519,2025-02-03,2,2025,C121,P063,Minerals,5,22.1,0.1,99.45
519,2025-02-03,2,2025,C121,P068,Multiple Formulas,1,32.11,0.1,28.9
519,2025-02-03,2,2025,C121,P121,Nutritional Accessories,1,32.92,0.1,29.63
519,2025-02-03,2,2025,C121,P107,Herbs,4,20.58,0.1,74.09
519,2025-02-03,2,2025,C121,P031,Minerals,1,13.02,0.1,11.72
520,2025-03-28,3,2025,C001,P139,Essential Fatty Acids,3,21.03,0.12,55.52
520,2025-03-28,3,2025,C001,P051,Essential Fatty Acids,3,11.06,0.12,29.2
521,2025-03-11,3,2025,C003,P037,D3 Formulations,1,24.34,0.12,21.42
521,2025-03-11,3,2025,C003,P226,B Formulations,6,20.59,0.12,108.72
521,2025-03-11,3,2025,C003,P221,C Formulations,1,23.86,0.12,21.0
521,2025-03-11,3,2025,C003,P208,D3 Formulations,10,6.42,0.12,56.5
521,2025-03-11,3,2025,C003,P207,Nutritional Accessories,3,27.98,0.12,73.87
522,2025-05-21,5,2025,C052,P011,C Formulations,1,15.37,0.1,13.83
522,2025-05-21,5,2025,C052,P045,D3 Formulations,2,23.14,0.1,41.65
522,2025-05-21,5,2025,C052,P199,Minerals,5,14.12,0.1,63.54
522,2025-05-21,5,2025,C052,P159,Multiple Formulas,2,8.73,0.1,15.71
523,2025-08-09,8,2025,C011,P233,D3 Formulations,1,22.99,0.1,20.69
523,2025-08-09,8,2025,C011,P057,Nutritional Accessories,1,9.29,0.1,8.36
523,2025-08-09,8,2025,C011,P014,C Formulations,1,16.55,0.1,14.9
523,2025-08-09,8,2025,C011,P070,Herbs,1,15.83,0.1,14.25
523,2025-08-09,8,2025,C011,P065,Essential Fatty Acids,1,13.01,0.1,11.71
523,2025-08-09,8,2025,C011,P042,Essential Fatty Acids,3,15.3,0.1,41.31
523,2025-08-09,8,2025,C011,P217,D3 Formulations,6,19.73,0.1,106.54
523,2025-08-09,8,2025,C011,P041,C Formulations,1,30.22,0.1,27.2
523,2025-08-09,8,2025,C011,P220,Essential Fatty Acids,4,17.56,0.1,63.22
523,2025-08-09,8,2025,C011,P234,D3 Formulations,1,33.27,0.1,29.94
524,2025-09-07,9,2025,C090,P230,Minerals,4,8.05,0.2,25.76
524,2025-09-07,9,2025,C090,P228,Herbs,2,25.1,0.2,40.16
524,2025-09-07,9,2025,C090,P129,D3 Formulations,2,15.19,0.2,24.3
525,2025-03-10,3,2025,C070,P142,Multiple Formulas,6,26.21,0.0,157.26
525,2025-03-10,3,2025,C070,P223,Herbs,4,7.31,0.0,29.24
526,2025-07-10,7,2025,C088,P207,Nutritional Accessories,10,27.98,0.05,265.81
526,2025-07-10,7,2025,C088,P220,Essential Fatty Acids,1,17.56,0.05,16.68
526,2025-07-10,7,2025,C088,P244,Multiple Formulas,6,11.68,0.05,66.58
526,2025-07-10,7,2025,C088,P041,C Formulations,1,30.22,0.05,28.71
527,2025-11-27,11,2025,C161,P196,B Formulations,6,21.93,0.0,131.58
527,2025-11-27,11,2025,C161,P040,C Formulations,1,8.62,0.0,8.62
527,2025-11-27,11,2025,C161,P166,Multiple Formulas,6,6.88,0.0,41.28
527,2025-11-27,11,2025,C161,P144,Nutritional Accessories,6,16.43,0.0,98.58
527,2025-11-27,11,2025,C161,P247,Multiple Formulas,4,6.53,0.0,26.12
527,2025-11-27,11,2025,C161,P229,Multiple Formulas,1,10.73,0.0,10.73
527,2025-11-27,11,2025,C161,P195,Essential Fatty Acids,2,13.26,0.0,26.52
527,2025-11-27,11,2025,C161,P157,Essential Fatty Acids,2,15.8,0.0,31.6
527,2025-11-27,11,2025,C161,P085,Essential Fatty Acids,4,10.66,0.0,42.64
527,2025-11-27,11,2025,C161,P150,Nutritional Accessories,1,20.83,0.0,20.83
528,2025-08-14,8,2025,C082,P191,Essential Fatty Acids,1,26.18,0.1,23.56
528,2025-08-14,8,2025,C082,P065,Essential Fatty Acids,2,13.01,0.1,23.42
528,2025-08-14,8,2025,C082,P244,Multiple Formulas,3,11.68,0.1,31.54
529,2025-12-13,12,2025,C103,P068,Multiple Formulas,2,32.11,0.12,56.51
529,2025-12-13,12,2025,C103,P047,Nutritional Accessories,2,6.48,0.12,11.4
529,2025-12-13,12,2025,C103,P057,Nutritional Accessories,2,9.29,0.12,16.35
530,2025-10-06,10,2025,C065,P106,B Formulations,5,29.05,0.12,127.82
530,2025-10-06,10,2025,C065,P247,Multiple Formulas,2,6.53,0.12,11.49
531,2025-05-01,5,2025,C040,P027,Herbs,5,12.95,0.0,64.75
531,2025-05-01,5,2025,C040,P216,Minerals,1,20.26,0.0,20.26
531,2025-05-01,5,2025,C040,P148,C Formulations,2,31.15,0.0,62.3
531,2025-05-01,5,2025,C040,P092,D3 Formulations,1,15.44,0.0,15.44
532,2025-02-12,2,2025,C127,P028,B Formulations,3,10.2,0.15,26.01
532,2025-02-12,2,2025,C127,P157,Essential Fatty Acids,2,15.8,0.15,26.86
532,2025-02-12,2,2025,C127,P198,D3 Formulations,2,25.15,0.15,42.76
533,2025-12-23,12,2025,C018,P086,C Formulations,1,21.91,0.0,21.91
533,2025-12-23,12,2025,C018,P180,C Formulations,6,27.06,0.0,162.36
533,2025-12-23,12,2025,C018,P018,Nutritional Accessories,1,20.42,0.0,20.42
533,2025-12-23,12,2025,C018,P191,Essential Fatty Acids,2,26.18,0.0,52.36
533,2025-12-23,12,2025,C018,P229,Multiple Formulas,2,10.73,0.0,21.46
533,2025-12-23,12,2025,C018,P154,C Formulations,2,26.36,0.0,52.72
533,2025-12-23,12,2025,C018,P037,D3 Formulations,5,24.34,0.0,121.7
533,2025-12-23,12,2025,C018,P026,Herbs,3,32.34,0.0,97.02
534,2025-10-28,10,2025,C039,P195,Essential Fatty Acids,2,13.26,0.05,25.19
534,2025-10-28,10,2025,C039,P047,Nutritional Accessories,1,6.48,0.05,6.16
534,2025-10-28,10,2025,C039,P165,B Formulations,1,23.13,0.05,21.97
535,2025-08-21,8,2025,C160,P012,Essential Fatty Acids,2,21.04,0.05,39.98
535,2025-08-21,8,2025,C160,P084,Nutritional Accessories,1,6.15,0.05,5.84
535,2025-08-21,8,2025,C160,P187,B Formulations,1,8.28,0.05,7.87
535,2025-08-21,8,2025,C160,P067,D3 Formulations,4,32.02,0.05,121.68
536,2025-07-26,7,2025,C120,P089,D3 Formulations,2,12.5,0.2,20.0
536,2025-07-26,7,2025,C120,P056,D3 Formulations,2,15.89,0.2,25.42
536,2025-07-26,7,2025,C120,P060,Minerals,1,13.48,0.2,10.78
536,2025-07-26,7,2025,C120,P166,Multiple Formulas,2,6.88,0.2,11.01
536,2025-07-26,7,2025,C120,P247,Multiple Formulas,1,6.53,0.2,5.22
537,2025-01-26,1,2025,C115,P161,Essential Fatty Acids,5,7.04,0.0,35.2
537,2025-01-26,1,2025,C115,P131,D3 Formulations,1,22.15,0.0,22.15
538,2025-11-20,11,2025,C127,P064,Multiple Formulas,2,21.36,0.1,38.45
538,2025-11-20,11,2025,C127,P051,Essential Fatty Acids,5,11.06,0.1,49.77
538,2025-11-20,11,2025,C127,P032,Multiple Formulas,2,25.49,0.1,45.88
538,2025-11-20,11,2025,C127,P212,Essential Fatty Acids,6,30.81,0.1,166.37
538,2025-11-20,11,2025,C127,P179,Multiple Formulas,1,24.49,0.1,22.04
538,2025-11-20,11,2025,C127,P125,Minerals,4,30.74,0.1,110.66
538,2025-11-20,11,2025,C127,P138,Multiple Formulas,3,10.06,0.1,27.16
538,2025-11-20,11,2025,C127,P216,Minerals,2,20.26,0.1,36.47
539,2025-05-19,5,2025,C131,P154,C Formulations,4,26.36,0.0,105.44
539,2025-05-19,5,2025,C131,P060,Minerals,2,13.48,0.0,26.96
539,2025-05-19,5,2025,C131,P203,Essential Fatty Acids,6,23.74,0.0,142.44
539,2025-05-19,5,2025,C131,P028,B Formulations,3,10.2,0.0,30.6
540,2025-09-21,9,2025,C131,P135,Essential Fatty Acids,2,8.82,0.12,15.52
540,2025-09-21,9,2025,C131,P133,Multiple Formulas,1,26.18,0.12,23.04
540,2025-09-21,9,2025,C131,P007,Minerals,4,12.44,0.12,43.79
540,2025-09-21,9,2025,C131,P222,C Formulations,2,24.42,0.12,42.98
540,2025-09-21,9,2025,C131,P148,C Formulations,2,31.15,0.12,54.82
540,2025-09-21,9,2025,C131,P229,Multiple Formulas,1,10.73,0.12,9.44
540,2025-09-21,9,2025,C131,P041,C Formulations,1,30.22,0.12,26.59
540,2025-09-21,9,2025,C131,P208,D3 Formulations,1,6.42,0.12,5.65
541,2025-01-24,1,2025,C063,P227,Minerals,5,30.84,0.05,146.49
541,2025-01-24,1,2025,C063,P243,D3 Formulations,3,32.26,0.05,91.94
541,2025-01-24,1,2025,C063,P212,Essential Fatty Acids,4,30.81,0.05,117.08
542,2025-11-25,11,2025,C029,P139,Essential Fatty Acids,3,21.03,0.12,55.52
543,2025-11-29,11,2025,C165,P176,Herbs,2,7.5,0.1,13.5
543,2025-11-29,11,2025,C165,P186,Minerals,1,18.73,0.1,16.86
544,2025-06-17,6,2025,C123,P233,D3 Formulations,2,22.99,0.05,43.68
544,2025-06-17,6,2025,C123,P182,Essential Fatty Acids,1,20.97,0.05,19.92
545,2025-01-23,1,2025,C017,P209,Herbs,2,9.37,0.2,14.99
545,2025-01-23,1,2025,C017,P007,Minerals,2,12.44,0.2,19.9
545,2025-01-23,1,2025,C017,P060,Minerals,3,13.48,0.2,32.35
546,2025-06-04,6,2025,C054,P234,D3 Formulations,4,33.27,0.05,126.43
546,2025-06-04,6,2025,C054,P129,D3 Formulations,2,15.19,0.05,28.86
547,2025-05-12,5,2025,C057,P106,B Formulations,2,29.05,0.12,51.13
547,2025-05-12,5,2025,C057,P147,C Formulations,2,29.49,0.12,51.9
547,2025-05-12,5,2025,C057,P150,Nutritional Accessories,2,20.83,0.12,36.66
547,2025-05-12,5,2025,C057,P153,Multiple Formulas,1,24.85,0.12,21.87
547,2025-05-12,5,2025,C057,P055,Essential Fatty Acids,2,9.99,0.12,17.58
547,2025-05-12,5,2025,C057,P052,Herbs,10,26.04,0.12,229.15
547,2025-05-12,5,2025,C057,P198,D3 Formulations,3,25.15,0.12,66.4
547,2025-05-12,5,2025,C057,P065,Essential Fatty Acids,4,13.01,0.12,45.8
548,2025-05-16,5,2025,C051,P224,D3 Formulations,1,16.86,0.12,14.84
548,2025-05-16,5,2025,C051,P227,Minerals,4,30.84,0.12,108.56
548,2025-05-16,5,2025,C051,P114,Herbs,2,24.72,0.12,43.51
548,2025-05-16,5,2025,C051,P208,D3 Formulations,10,6.42,0.12,56.5
548,2025-05-16,5,2025,C051,P138,Multiple Formulas,3,10.06,0.12,26.56
548,2025-05-16,5,2025,C051,P154,C Formulations,6,26.36,0.12,139.18
548,2025-05-16,5,2025,C051,P061,C Formulations,1,25.14,0.12,22.12
548,2025-05-16,5,2025,C051,P197,B Formulations,4,26.72,0.12,94.05
549,2025-10-30,10,2025,C142,P218,Minerals,1,11.02,0.2,8.82
549,2025-10-30,10,2025,C142,P232,D3 Formulations,2,6.77,0.2,10.83
549,2025-10-30,10,2025,C142,P166,Multiple Formulas,2,6.88,0.2,11.01
549,2025-10-30,10,2025,C142,P073,Multiple Formulas,1,32.02,0.2,25.62
550,2025-05-12,5,2025,C010,P131,D3 Formulations,3,22.15,0.12,58.48
550,2025-05-12,5,2025,C010,P127,B Formulations,3,17.17,0.12,45.33
550,2025-05-12,5,2025,C010,P142,Multiple Formulas,5,26.21,0.12,115.32
550,2025-05-12,5,2025,C010,P126,Nutritional Accessories,4,14.54,0.12,51.18
551,2025-09-29,9,2025,C051,P055,Essential Fatty Acids,1,9.99,0.2,7.99
551,2025-09-29,9,2025,C051,P114,Herbs,1,24.72,0.2,19.78
551,2025-09-29,9,2025,C051,P243,D3 Formulations,1,32.26,0.2,25.81
551,2025-09-29,9,2025,C051,P110,Essential Fatty Acids,4,11.66,0.2,37.31
551,2025-09-29,9,2025,C051,P021,Herbs,2,7.07,0.2,11.31
552,2025-09-03,9,2025,C010,P108,D3 Formulations,3,22.73,0.2,54.55
552,2025-09-03,9,2025,C010,P138,Multiple Formulas,1,10.06,0.2,8.05
552,2025-09-03,9,2025,C010,P215,C Formulations,5,8.84,0.2,35.36
552,2025-09-03,9,2025,C010,P021,Herbs,1,7.07,0.2,5.66
553,2025-08-16,8,2025,C164,P129,D3 Formulations,1,15.19,0.12,13.37
554,2025-05-16,5,2025,C069,P090,B Formulations,3,26.65,0.12,70.36
554,2025-05-16,5,2025,C069,P010,B Formulations,4,33.34,0.12,117.36
555,2025-06-22,6,2025,C052,P234,D3 Formulations,1,33.27,0.0,33.27
555,2025-06-22,6,2025,C052,P200,C Formulations,5,33.69,0.0,168.45
555,2025-06-22,6,2025,C052,P143,D3 Formulations,1,26.37,0.0,26.37
556,2025-01-24,1,2025,C004,P213,Minerals,2,26.41,0.15,44.9
556,2025-01-24,1,2025,C004,P211,Essential Fatty Acids,3,7.18,0.15,18.31
556,2025-01-24,1,2025,C004,P066,B Formulations,1,8.7,0.15,7.4
556,2025-01-24,1,2025,C004,P228,Herbs,1,25.1,0.15,21.34
557,2025-02-28,2,2025,C010,P214,Essential Fatty Acids,1,19.75,0.1,17.78
557,2025-02-28,2,2025,C010,P196,B Formulations,1,21.93,0.1,19.74
557,2025-02-28,2,2025,C010,P147,C Formulations,2,29.49,0.1,53.08
558,2025-03-24,3,2025,C115,P204,Multiple Formulas,3,18.17,0.1,49.06
558,2025-03-24,3,2025,C115,P146,Essential Fatty Acids,5,29.47,0.1,132.62
558,2025-03-24,3,2025,C115,P247,Multiple Formulas,1,6.53,0.1,5.88
559,2025-09-24,9,2025,C176,P171,Nutritional Accessories,1,21.15,0.0,21.15
559,2025-09-24,9,2025,C176,P222,C Formulations,2,24.42,0.0,48.84
559,2025-09-24,9,2025,C176,P218,Minerals,6,11.02,0.0,66.12
559,2025-09-24,9,2025,C176,P017,D3 Formulations,1,13.3,0.0,13.3
560,2025-11-12,11,2025,C088,P073,Multiple Formulas,6,32.02,0.1,172.91
561,2025-01-13,1,2025,C116,P196,B Formulations,1,21.93,0.2,17.54
561,2025-01-13,1,2025,C116,P241,B Formulations,1,17.2,0.2,13.76
562,2025-06-25,6,2025,C112,P131,D3 Formulations,2,22.15,0.05,42.08
562,2025-06-25,6,2025,C112,P211,Essential Fatty Acids,3,7.18,0.05,20.46
563,2025-01-31,1,2025,C098,P005,C Formulations,1,20.81,0.12,18.31
564,2025-07-03,7,2025,C107,P185,Multiple Formulas,1,13.85,0.12,12.19
564,2025-07-03,7,2025,C107,P032,Multiple Formulas,2,25.49,0.12,44.86
564,2025-07-03,7,2025,C107,P008,Minerals,1,9.48,0.12,8.34
564,2025-07-03,7,2025,C107,P005,C Formulations,4,20.81,0.12,73.25
564,2025-07-03,7,2025,C107,P144,Nutritional Accessories,1,16.43,0.12,14.46
564,2025-07-03,7,2025,C107,P219,Nutritional Accessories,1,18.58,0.12,16.35
564,2025-07-03,7,2025,C107,P178,C Formulations,3,21.68,0.12,57.24
564,2025-07-03,7,2025,C107,P049,Herbs,1,12.57,0.12,11.06
564,2025-07-03,7,2025,C107,P180,C Formulations,3,27.06,0.12,71.44
564,2025-07-03,7,2025,C107,P155,Minerals,5,29.08,0.12,127.95
565,2025-01-04,1,2025,C057,P100,Minerals,6,13.69,0.0,82.14
566,2025-01-15,1,2025,C132,P169,Essential Fatty Acids,5,16.45,0.0,82.25
566,2025-01-15,1,2025,C132,P010,B Formulations,1,33.34,0.0,33.34
566,2025-01-15,1,2025,C132,P113,Nutritional Accessories,2,6.71,0.0,13.42
566,2025-01-15,1,2025,C132,P018,Nutritional Accessories,2,20.42,0.0,40.84
567,2025-08-23,8,2025,C137,P200,C Formulations,3,33.69,0.12,88.94
568,2025-12-08,12,2025,C110,P191,Essential Fatty Acids,1,26.18,0.0,26.18
568,2025-12-08,12,2025,C110,P080,D3 Formulations,1,23.59,0.0,23.59
568,2025-12-08,12,2025,C110,P033,D3 Formulations,3,28.09,0.0,84.27
568,2025-12-08,12,2025,C110,P209,Herbs,1,9.37,0.0,9.37
568,2025-12-08,12,2025,C110,P217,D3 Formulations,2,19.73,0.0,39.46
568,2025-12-08,12,2025,C110,P226,B Formulations,1,20.59,0.0,20.59
568,2025-12-08,12,2025,C110,P164,D3 Formulations,5,14.31,0.0,71.55
568,2025-12-08,12,2025,C110,P001,Essential Fatty Acids,2,18.39,0.0,36.78
569,2025-05-12,5,2025,C094,P080,D3 Formulations,1,23.59,0.2,18.87
570,2025-07-19,7,2025,C055,P118,Herbs,1,32.53,0.05,30.9
570,2025-07-19,7,2025,C055,P046,D3 Formulations,1,25.65,0.05,24.37
571,2025-10-27,10,2025,C006,P180,C Formulations,1,27.06,0.1,24.35
571,2025-10-27,10,2025,C006,P157,Essential Fatty Acids,5,15.8,0.1,71.1
572,2025-06-03,6,2025,C098,P220,Essential Fatty Acids,4,17.56,0.0,70.24
572,2025-06-03,6,2025,C098,P234,D3 Formulations,3,33.27,0.0,99.81
572,2025-06-03,6,2025,C098,P003,Minerals,1,30.96,0.0,30.96
572,2025-06-03,6,2025,C098,P050,Herbs,3,24.71,0.0,74.13
573,2025-04-29,4,2025,C001,P131,D3 Formulations,2,22.15,0.1,39.87
573,2025-04-29,4,2025,C001,P040,C Formulations,1,8.62,0.1,7.76
574,2025-09-15,9,2025,C160,P068,Multiple Formulas,3,32.11,0.05,91.51
574,2025-09-15,9,2025,C160,P190,Herbs,2,30.24,0.05,57.46
575,2025-04-26,4,2025,C147,P072,B Formulations,2,27.05,0.12,47.61
575,2025-04-26,4,2025,C147,P162,Multiple Formulas,6,19.5,0.12,102.96
575,2025-04-26,4,2025,C147,P153,Multiple Formulas,1,24.85,0.12,21.87
575,2025-04-26,4,2025,C147,P029,Nutritional Accessories,5,20.19,0.12,88.84
576,2025-03-23,3,2025,C050,P194,Essential Fatty Acids,2,10.54,0.12,18.55
576,2025-03-23,3,2025,C050,P121,Nutritional Accessories,3,32.92,0.12,86.91
576,2025-03-23,3,2025,C050,P018,Nutritional Accessories,1,20.42,0.12,17.97
577,2025-01-11,1,2025,C157,P207,Nutritional Accessories,4,27.98,0.12,98.49
578,2025-11-07,11,2025,C056,P137,Multiple Formulas,3,34.71,0.1,93.72
578,2025-11-07,11,2025,C056,P222,C Formulations,1,24.42,0.1,21.98
578,2025-11-07,11,2025,C056,P077,D3 Formulations,1,8.44,0.1,7.6
579,2025-04-15,4,2025,C101,P199,Minerals,6,14.12,0.2,67.78
579,2025-04-15,4,2025,C101,P021,Herbs,3,7.07,0.2,16.97
580,2025-11-09,11,2025,C074,P068,Multiple Formulas,10,32.11,0.15,272.94
580,2025-11-09,11,2025,C074,P041,C Formulations,1,30.22,0.15,25.69
581,2025-09-29,9,2025,C144,P149,Multiple Formulas,1,32.48,0.2,25.98
581,2025-09-29,9,2025,C144,P085,Essential Fatty Acids,2,10.66,0.2,17.06
582,2025-06-15,6,2025,C052,P228,Herbs,2,25.1,0.12,44.18
582,2025-06-15,6,2025,C052,P212,Essential Fatty Acids,6,30.81,0.12,162.68
582,2025-06-15,6,2025,C052,P013,C Formulations,1,26.39,0.12,23.22
583,2025-08-13,8,2025,C167,P088,Multiple Formulas,1,24.91,0.1,22.42
583,2025-08-13,8,2025,C167,P100,Minerals,1,13.69,0.1,12.32
583,2025-08-13,8,2025,C167,P053,C Formulations,10,17.22,0.1,154.98
583,2025-08-13,8,2025,C167,P010,B Formulations,2,33.34,0.1,60.01
583,2025-08-13,8,2025,C167,P116,D3 Formulations,4,33.27,0.1,119.77
583,2025-08-13,8,2025,C167,P224,D3 Formulations,1,16.86,0.1,15.17
583,2025-08-13,8,2025,C167,P182,Essential Fatty Acids,3,20.97,0.1,56.62
583,2025-08-13,8,2025,C167,P237,Herbs,2,24.66,0.1,44.39
584,2025-04-06,4,2025,C043,P044,Nutritional Accessories,3,7.18,0.05,20.46
584,2025-04-06,4,2025,C043,P009,Essential Fatty Acids,2,15.79,0.05,30.0
584,2025-04-06,4,2025,C043,P189,Essential Fatty Acids,3,33.92,0.05,96.67
584,2025-04-06,4,2025,C043,P153,Multiple Formulas,2,24.85,0.05,47.22
584,2025-04-06,4,2025,C043,P207,Nutritional Accessories,2,27.98,0.05,53.16
585,2025-11-08,11,2025,C066,P023,B Formulations,1,20.58,0.05,19.55
585,2025-11-08,11,2025,C066,P150,Nutritional Accessories,3,20.83,0.05,59.37
585,2025-11-08,11,2025,C066,P044,Nutritional Accessories,1,7.18,0.05,6.82
586,2025-10-08,10,2025,C165,P047,Nutritional Accessories,6,6.48,0.1,34.99
586,2025-10-08,10,2025,C165,P105,B Formulations,1,24.3,0.1,21.87
586,2025-10-08,10,2025,C165,P083,Minerals,1,25.24,0.1,22.72
586,2025-10-08,10,2025,C165,P186,Minerals,2,18.73,0.1,33.71
586,2025-10-08,10,2025,C165,P036,Minerals,1,16.67,0.1,15.0
586,2025-10-08,10,2025,C165,P160,D3 Formulations,6,22.77,0.1,122.96
586,2025-10-08,10,2025,C165,P210,Minerals,2,7.33,0.1,13.19
586,2025-10-08,10,2025,C165,P182,Essential Fatty Acids,3,20.97,0.1,56.62
586,2025-10-08,10,2025,C165,P212,Essential Fatty Acids,2,30.81,0.1,55.46
586,2025-10-08,10,2025,C165,P019,Nutritional Accessories,1,14.73,0.1,13.26
587,2025-09-21,9,2025,C013,P203,Essential Fatty Acids,4,23.74,0.1,85.46
587,2025-09-21,9,2025,C013,P009,Essential Fatty Acids,2,15.79,0.1,28.42
588,2025-09-28,9,2025,C001,P185,Multiple Formulas,2,13.85,0.12,24.38
588,2025-09-28,9,2025,C001,P167,Nutritional Accessories,2,7.08,0.12,12.46
588,2025-09-28,9,2025,C001,P040,C Formulations,3,8.62,0.12,22.76
588,2025-09-28,9,2025,C001,P211,Essential Fatty Acids,1,7.18,0.12,6.32
589,2025-04-26,4,2025,C078,P180,C Formulations,2,27.06,0.2,43.3
590,2025-07-05,7,2025,C040,P098,D3 Formulations,2,8.72,0.15,14.82
590,2025-07-05,7,2025,C040,P058,Multiple Formulas,5,32.82,0.15,139.48
590,2025-07-05,7,2025,C040,P157,Essential Fatty Acids,3,15.8,0.15,40.29
590,2025-07-05,7,2025,C040,P225,B Formulations,1,24.15,0.15,20.53
591,2025-11-17,11,2025,C109,P070,Herbs,2,15.83,0.2,25.33
591,2025-11-17,11,2025,C109,P081,Essential Fatty Acids,1,6.27,0.2,5.02
592,2025-12-09,12,2025,C121,P019,Nutritional Accessories,2,14.73,0.1,26.51
593,2025-01-08,1,2025,C022,P218,Minerals,2,11.02,0.1,19.84
593,2025-01-08,1,2025,C022,P119,Nutritional Accessories,2,16.73,0.1,30.11
594,2025-01-12,1,2025,C150,P195,Essential Fatty Acids,2,13.26,0.05,25.19
594,2025-01-12,1,2025,C150,P227,Minerals,1,30.84,0.05,29.3
595,2025-10-21,10,2025,C120,P235,D3 Formulations,2,22.69,0.12,39.93
595,2025-10-21,10,2025,C120,P085,Essential Fatty Acids,10,10.66,0.12,93.81
595,2025-10-21,10,2025,C120,P210,Minerals,1,7.33,0.12,6.45
595,2025-10-21,10,2025,C120,P048,Essential Fatty Acids,1,20.85,0.12,18.35
595,2025-10-21,10,2025,C120,P097,B Formulations,3,22.48,0.12,59.35
596,2025-08-01,8,2025,C113,P038,Multiple Formulas,3,24.37,0.1,65.8
596,2025-08-01,8,2025,C113,P187,B Formulations,2,8.28,0.1,14.9
596,2025-08-01,8,2025,C113,P102,B Formulations,10,34.22,0.1,307.98
596,2025-08-01,8,2025,C113,P104,D3 Formulations,1,31.87,0.1,28.68
596,2025-08-01,8,2025,C113,P192,C Formulations,1,17.86,0.1,16.07
597,2025-04-15,4,2025,C056,P123,B Formulations,1,34.03,0.12,29.95
597,2025-04-15,4,2025,C056,P003,Minerals,2,30.96,0.12,54.49
597,2025-04-15,4,2025,C056,P002,D3 Formulations,3,29.72,0.12,78.46
597,2025-04-15,4,2025,C056,P026,Herbs,3,32.34,0.12,85.38
597,2025-04-15,4,2025,C056,P112,Essential Fatty Acids,3,14.14,0.12,37.33
598,2025-10-26,10,2025,C160,P152,C Formulations,2,29.15,0.05,55.38
598,2025-10-26,10,2025,C160,P008,Minerals,5,9.48,0.05,45.03
599,2025-04-12,4,2025,C022,P171,Nutritional Accessories,2,21.15,0.05,40.18
599,2025-04-12,4,2025,C022,P177,C Formulations,5,21.41,0.05,101.7
599,2025-04-12,4,2025,C022,P189,Essential Fatty Acids,2,33.92,0.05,64.45
600,2025-06-02,6,2025,C139,P143,D3 Formulations,2,26.37,0.05,50.1
600,2025-06-02,6,2025,C139,P004,Essential Fatty Acids,3,6.2,0.05,17.67
600,2025-06-02,6,2025,C139,P054,D3 Formulations,4,33.17,0.05,126.05
600,2025-06-02,6,2025,C139,P177,C Formulations,1,21.41,0.05,20.34
601,2025-07-12,7,2025,C004,P061,C Formulations,1,25.14,0.0,25.14
601,2025-07-12,7,2025,C004,P146,Essential Fatty Acids,6,29.47,0.0,176.82
601,2025-07-12,7,2025,C004,P022,Minerals,2,23.68,0.0,47.36
602,2025-08-04,8,2025,C067,P096,Herbs,2,25.07,0.05,47.63
602,2025-08-04,8,2025,C067,P115,Essential Fatty Acids,3,11.14,0.05,31.75
603,2025-09-04,9,2025,C071,P248,Multiple Formulas,1,8.74,0.2,6.99
603,2025-09-04,9,2025,C071,P118,Herbs,2,32.53,0.2,52.05
603,2025-09-04,9,2025,C071,P201,Essential Fatty Acids,3,27.4,0.2,65.76
604,2025-04-29,4,2025,C033,P048,Essential Fatty Acids,1,20.85,0.12,18.35
605,2025-12-14,12,2025,C139,P077,D3 Formulations,1,8.44,0.2,6.75
605,2025-12-14,12,2025,C139,P212,Essential Fatty Acids,1,30.81,0.2,24.65
605,2025-12-14,12,2025,C139,P209,Herbs,1,9.37,0.2,7.5
606,2025-12-21,12,2025,C081,P207,Nutritional Accessories,1,27.98,0.12,24.62
606,2025-12-21,12,2025,C081,P192,C Formulations,3,17.86,0.12,47.15
606,2025-12-21,12,2025,C081,P029,Nutritional Accessories,4,20.19,0.12,71.07
607,2025-08-24,8,2025,C087,P112,Essential Fatty Acids,1,14.14,0.05,13.43
607,2025-08-24,8,2025,C087,P032,Multiple Formulas,3,25.49,0.05,72.65
607,2025-08-24,8,2025,C087,P094,Herbs,2,24.84,0.05,47.2
607,2025-08-24,8,2025,C087,P020,C Formulations,5,14.26,0.05,67.74
607,2025-08-24,8,2025,C087,P008,Minerals,2,9.48,0.05,18.01
608,2025-07-07,7,2025,C068,P179,Multiple Formulas,3,24.49,0.12,64.65
608,2025-07-07,7,2025,C068,P107,Herbs,2,20.58,0.12,36.22
609,2025-08-30,8,2025,C052,P158,B Formulations,1,16.89,0.05,16.05
609,2025-08-30,8,2025,C052,P187,B Formulations,1,8.28,0.05,7.87
609,2025-08-30,8,2025,C052,P098,D3 Formulations,5,8.72,0.05,41.42
609,2025-08-30,8,2025,C052,P069,D3 Formulations,4,24.36,0.05,92.57
609,2025-08-30,8,2025,C052,P228,Herbs,1,25.1,0.05,23.84
609,2025-08-30,8,2025,C052,P079,Essential Fatty Acids,1,32.06,0.05,30.46
609,2025-08-30,8,2025,C052,P154,C Formulations,4,26.36,0.05,100.17
609,2025-08-30,8,2025,C052,P060,Minerals,2,13.48,0.05,25.61
609,2025-08-30,8,2025,C052,P109,Herbs,1,20.28,0.05,19.27
609,2025-08-30,8,2025,C052,P190,Herbs,3,30.24,0.05,86.18
610,2025-07-07,7,2025,C070,P220,Essential Fatty Acids,1,17.56,0.2,14.05
610,2025-07-07,7,2025,C070,P232,D3 Formulations,1,6.77,0.2,5.42
610,2025-07-07,7,2025,C070,P038,Multiple Formulas,2,24.37,0.2,38.99
610,2025-07-07,7,2025,C070,P231,Herbs,1,24.63,0.2,19.7
611,2025-11-20,11,2025,C030,P144,Nutritional Accessories,4,16.43,0.1,59.15
612,2025-06-02,6,2025,C169,P027,Herbs,1,12.95,0.05,12.3
613,2025-11-05,11,2025,C019,P235,D3 Formulations,1,22.69,0.12,19.97
613,2025-11-05,11,2025,C019,P127,B Formulations,5,17.17,0.12,75.55
613,2025-11-05,11,2025,C019,P174,D3 Formulations,2,24.06,0.12,42.35
614,2025-04-22,4,2025,C049,P095,Herbs,1,30.63,0.15,26.04
614,2025-04-22,4,2025,C049,P171,Nutritional Accessories,6,21.15,0.15,107.86
614,2025-04-22,4,2025,C049,P029,Nutritional Accessories,3,20.19,0.15,51.48
614,2025-04-22,4,2025,C049,P077,D3 Formulations,2,8.44,0.15,14.35
615,2025-11-12,11,2025,C072,P213,Minerals,1,26.41,0.1,23.77
615,2025-11-12,11,2025,C072,P031,Minerals,2,13.02,0.1,23.44
615,2025-11-12,11,2025,C072,P114,Herbs,1,24.72,0.1,22.25
615,2025-11-12,11,2025,C072,P214,Essential Fatty Acids,1,19.75,0.1,17.78
615,2025-11-12,11,2025,C072,P032,Multiple Formulas,3,25.49,0.1,68.82
616,2025-07-04,7,2025,C119,P140,Multiple Formulas,3,31.44,0.05,89.6
616,2025-07-04,7,2025,C119,P231,Herbs,5,24.63,0.05,116.99
616,2025-07-04,7,2025,C119,P098,D3 Formulations,4,8.72,0.05,33.14
616,2025-07-04,7,2025,C119,P228,Herbs,3,25.1,0.05,71.54
617,2025-10-01,10,2025,C149,P201,Essential Fatty Acids,2,27.4,0.05,52.06
617,2025-10-01,10,2025,C149,P095,Herbs,1,30.63,0.05,29.1
617,2025-10-01,10,2025,C149,P230,Minerals,1,8.05,0.05,7.65
617,2025-10-01,10,2025,C149,P010,B Formulations,1,33.34,0.05,31.67
617,2025-10-01,10,2025,C149,P054,D3 Formulations,1,33.17,0.05,31.51
617,2025-10-01,10,2025,C149,P200,C Formulations,3,33.69,0.05,96.02
617,2025-10-01,10,2025,C149,P148,C Formulations,1,31.15,0.05,29.59
617,2025-10-01,10,2025,C149,P056,D3 Formulations,2,15.89,0.05,30.19
617,2025-10-01,10,2025,C149,P069,D3 Formulations,3,24.36,0.05,69.43
617,2025-10-01,10,2025,C149,P058,Multiple Formulas,1,32.82,0.05,31.18
617,2025-10-01,10,2025,C149,P172,Minerals,1,28.33,0.05,26.91
617,2025-10-01,10,2025,C149,P091,Nutritional Accessories,4,12.88,0.05,48.94
617,2025-10-01,10,2025,C149,P081,Essential Fatty Acids,4,6.27,0.05,23.83
617,2025-10-01,10,2025,C149,P167,Nutritional Accessories,3,7.08,0.05,20.18
617,2025-10-01,10,2025,C149,P163,Nutritional Accessories,1,21.74,0.05,20.65
618,2025-09-05,9,2025,C017,P090,B Formulations,1,26.65,0.12,23.45
618,2025-09-05,9,2025,C017,P175,Nutritional Accessories,1,8.48,0.12,7.46
618,2025-09-05,9,2025,C017,P181,Minerals,2,34.3,0.12,60.37
618,2025-09-05,9,2025,C017,P112,Essential Fatty Acids,4,14.14,0.12,49.77
618,2025-09-05,9,2025,C017,P111,Nutritional Accessories,1,26.95,0.12,23.72
618,2025-09-05,9,2025,C017,P018,Nutritional Accessories,1,20.42,0.12,17.97
618,2025-09-05,9,2025,C017,P096,Herbs,1,25.07,0.12,22.06
618,2025-09-05,9,2025,C017,P016,Minerals,3,33.91,0.12,89.52
619,2025-08-13,8,2025,C116,P034,B Formulations,1,12.89,0.1,11.6
619,2025-08-13,8,2025,C116,P192,C Formulations,1,17.86,0.1,16.07
619,2025-08-13,8,2025,C116,P224,D3 Formulations,1,16.86,0.1,15.17
619,2025-08-13,8,2025,C116,P070,Herbs,2,15.83,0.1,28.49
620,2025-05-20,5,2025,C169,P035,Herbs,4,27.12,0.1,97.63
620,2025-05-20,5,2025,C169,P095,Herbs,1,30.63,0.1,27.57
621,2025-03-17,3,2025,C004,P094,Herbs,4,24.84,0.15,84.46
621,2025-03-17,3,2025,C004,P093,B Formulations,6,27.65,0.15,141.01
622,2025-09-25,9,2025,C009,P026,Herbs,1,32.34,0.15,27.49
622,2025-09-25,9,2025,C009,P098,D3 Formulations,1,8.72,0.15,7.41
622,2025-09-25,9,2025,C009,P033,D3 Formulations,3,28.09,0.15,71.63
622,2025-09-25,9,2025,C009,P227,Minerals,1,30.84,0.15,26.21
622,2025-09-25,9,2025,C009,P051,Essential Fatty Acids,2,11.06,0.15,18.8
622,2025-09-25,9,2025,C009,P089,D3 Formulations,3,12.5,0.15,31.88
622,2025-09-25,9,2025,C009,P136,Minerals,6,23.84,0.15,121.58
622,2025-09-25,9,2025,C009,P204,Multiple Formulas,5,18.17,0.15,77.22
623,2025-12-19,12,2025,C070,P191,Essential Fatty Acids,2,26.18,0.15,44.51
623,2025-12-19,12,2025,C070,P089,D3 Formulations,3,12.5,0.15,31.88
623,2025-12-19,12,2025,C070,P053,C Formulations,6,17.22,0.15,87.82
624,2025-04-14,4,2025,C040,P003,Minerals,1,30.96,0.12,27.24
625,2025-01-02,1,2025,C139,P223,Herbs,2,7.31,0.12,12.87
625,2025-01-02,1,2025,C139,P184,C Formulations,4,29.06,0.12,102.29
625,2025-01-02,1,2025,C139,P197,B Formulations,1,26.72,0.12,23.51
626,2025-11-22,11,2025,C175,P169,Essential Fatty Acids,2,16.45,0.1,29.61
626,2025-11-22,11,2025,C175,P155,Minerals,4,29.08,0.1,104.69
626,2025-11-22,11,2025,C175,P044,Nutritional Accessories,10,7.18,0.1,64.62
626,2025-11-22,11,2025,C175,P181,Minerals,5,34.3,0.1,154.35
626,2025-11-22,11,2025,C175,P228,Herbs,2,25.1,0.1,45.18
626,2025-11-22,11,2025,C175,P145,Nutritional Accessories,4,14.51,0.1,52.24
626,2025-11-22,11,2025,C175,P203,Essential Fatty Acids,4,23.74,0.1,85.46
626,2025-11-22,11,2025,C175,P008,Minerals,6,9.48,0.1,51.19
626,2025-11-22,11,2025,C175,P069,D3 Formulations,1,24.36,0.1,21.92
626,2025-11-22,11,2025,C175,P038,Multiple Formulas,1,24.37,0.1,21.93
626,2025-11-22,11,2025,C175,P117,Multiple Formulas,1,33.66,0.1,30.29
626,2025-11-22,11,2025,C175,P047,Nutritional Accessories,5,6.48,0.1,29.16
626,2025-11-22,11,2025,C175,P039,Multiple Formulas,3,21.54,0.1,58.16
626,2025-11-22,11,2025,C175,P107,Herbs,1,20.58,0.1,18.52
626,2025-11-22,11,2025,C175,P021,Herbs,6,7.07,0.1,38.18
627,2025-11-09,11,2025,C130,P036,Minerals,5,16.67,0.05,79.18
627,2025-11-09,11,2025,C130,P118,Herbs,2,32.53,0.05,61.81
627,2025-11-09,11,2025,C130,P064,Multiple Formulas,4,21.36,0.05,81.17
628,2025-02-01,2,2025,C140,P025,D3 Formulations,3,14.08,0.12,37.17
628,2025-02-01,2,2025,C140,P145,Nutritional Accessories,1,14.51,0.12,12.77
629,2025-08-01,8,2025,C045,P082,D3 Formulations,1,8.94,0.1,8.05
629,2025-08-01,8,2025,C045,P162,Multiple Formulas,4,19.5,0.1,70.2
629,2025-08-01,8,2025,C045,P023,B Formulations,1,20.58,0.1,18.52
630,2025-10-10,10,2025,C040,P209,Herbs,6,9.37,0.12,49.47
630,2025-10-10,10,2025,C040,P029,Nutritional Accessories,2,20.19,0.12,35.53
630,2025-10-10,10,2025,C040,P169,Essential Fatty Acids,2,16.45,0.12,28.95
631,2025-09-19,9,2025,C086,P174,D3 Formulations,1,24.06,0.15,20.45
632,2025-05-25,5,2025,C003,P208,D3 Formulations,2,6.42,0.15,10.91
633,2025-12-06,12,2025,C042,P007,Minerals,5,12.44,0.0,62.2
633,2025-12-06,12,2025,C042,P191,Essential Fatty Acids,6,26.18,0.0,157.08
634,2025-11-27,11,2025,C035,P242,Essential Fatty Acids,1,33.87,0.12,29.81
634,2025-11-27,11,2025,C035,P009,Essential Fatty Acids,2,15.79,0.12,27.79
634,2025-11-27,11,2025,C035,P223,Herbs,2,7.31,0.12,12.87
634,2025-11-27,11,2025,C035,P043,B Formulations,6,11.41,0.12,60.24
634,2025-11-27,11,2025,C035,P062,Essential Fatty Acids,1,29.7,0.12,26.14
634,2025-11-27,11,2025,C035,P072,B Formulations,3,27.05,0.12,71.41
634,2025-11-27,11,2025,C035,P005,C Formulations,5,20.81,0.12,91.56
634,2025-11-27,11,2025,C035,P192,C Formulations,3,17.86,0.12,47.15
635,2025-10-06,10,2025,C070,P158,B Formulations,1,16.89,0.1,15.2
635,2025-10-06,10,2025,C070,P170,Herbs,1,9.68,0.1,8.71
636,2025-01-13,1,2025,C175,P143,D3 Formulations,1,26.37,0.05,25.05
636,2025-01-13,1,2025,C175,P172,Minerals,1,28.33,0.05,26.91
636,2025-01-13,1,2025,C175,P162,Multiple Formulas,2,19.5,0.05,37.05
636,2025-01-13,1,2025,C175,P219,Nutritional Accessories,1,18.58,0.05,17.65
636,2025-01-13,1,2025,C175,P248,Multiple Formulas,4,8.74,0.05,33.21
637,2025-02-03,2,2025,C126,P083,Minerals,6,25.24,0.12,133.27
637,2025-02-03,2,2025,C126,P172,Minerals,10,28.33,0.12,249.3
638,2025-05-11,5,2025,C112,P238,Herbs,1,19.29,0.12,16.98
638,2025-05-11,5,2025,C112,P229,Multiple Formulas,5,10.73,0.12,47.21
638,2025-05-11,5,2025,C112,P033,D3 Formulations,3,28.09,0.12,74.16
638,2025-05-11,5,2025,C112,P082,D3 Formulations,1,8.94,0.12,7.87
639,2025-11-18,11,2025,C126,P003,Minerals,5,30.96,0.2,123.84
639,2025-11-18,11,2025,C126,P118,Herbs,1,32.53,0.2,26.02
639,2025-11-18,11,2025,C126,P232,D3 Formulations,10,6.77,0.2,54.16
639,2025-11-18,11,2025,C126,P080,D3 Formulations,4,23.59,0.2,75.49
639,2025-11-18,11,2025,C126,P158,B Formulations,4,16.89,0.2,54.05
640,2025-03-07,3,2025,C036,P161,Essential Fatty Acids,5,7.04,0.15,29.92
640,2025-03-07,3,2025,C036,P003,Minerals,1,30.96,0.15,26.32
640,2025-03-07,3,2025,C036,P168,Essential Fatty Acids,4,29.86,0.15,101.52
640,2025-03-07,3,2025,C036,P068,Multiple Formulas,5,32.11,0.15,136.47
641,2025-09-09,9,2025,C094,P030,D3 Formulations,2,34.58,0.1,62.24
642,2025-04-12,4,2025,C152,P216,Minerals,4,20.26,0.1,72.94
642,2025-04-12,4,2025,C152,P085,Essential Fatty Acids,2,10.66,0.1,19.19
642,2025-04-12,4,2025,C152,P193,Multiple Formulas,1,11.03,0.1,9.93
643,2025-09-01,9,2025,C038,P202,Nutritional Accessories,1,22.08,0.0,22.08
644,2025-06-16,6,2025,C176,P210,Minerals,1,7.33,0.12,6.45
645,2025-10-26,10,2025,C151,P026,Herbs,1,32.34,0.12,28.46
645,2025-10-26,10,2025,C151,P012,Essential Fatty Acids,1,21.04,0.12,18.52
645,2025-10-26,10,2025,C151,P061,C Formulations,10,25.14,0.12,221.23
646,2025-08-28,8,2025,C109,P162,Multiple Formulas,4,19.5,0.12,68.64
646,2025-08-28,8,2025,C109,P059,C Formulations,2,31.44,0.12,55.33
647,2025-05-07,5,2025,C174,P209,Herbs,1,9.37,0.0,9.37
647,2025-05-07,5,2025,C174,P024,Nutritional Accessories,1,7.49,0.0,7.49
647,2025-05-07,5,2025,C174,P121,Nutritional Accessories,3,32.92,0.0,98.76
647,2025-05-07,5,2025,C174,P098,D3 Formulations,10,8.72,0.0,87.2
647,2025-05-07,5,2025,C174,P210,Minerals,2,7.33,0.0,14.66
647,2025-05-07,5,2025,C174,P213,Minerals,4,26.41,0.0,105.64
647,2025-05-07,5,2025,C174,P143,D3 Formulations,1,26.37,0.0,26.37
647,2025-05-07,5,2025,C174,P094,Herbs,2,24.84,0.0,49.68
648,2025-03-26,3,2025,C085,P058,Multiple Formulas,6,32.82,0.05,187.07
648,2025-03-26,3,2025,C085,P218,Minerals,2,11.02,0.05,20.94
648,2025-03-26,3,2025,C085,P004,Essential Fatty Acids,10,6.2,0.05,58.9
648,2025-03-26,3,2025,C085,P100,Minerals,2,13.69,0.05,26.01
648,2025-03-26,3,2025,C085,P071,B Formulations,2,16.13,0.05,30.65
649,2025-01-08,1,2025,C134,P230,Minerals,1,8.05,0.05,7.65
649,2025-01-08,1,2025,C134,P039,Multiple Formulas,2,21.54,0.05,40.93
649,2025-01-08,1,2025,C134,P228,Herbs,1,25.1,0.05,23.84
649,2025-01-08,1,2025,C134,P046,D3 Formulations,1,25.65,0.05,24.37
649,2025-01-08,1,2025,C134,P061,C Formulations,1,25.14,0.05,23.88
650,2025-01-20,1,2025,C105,P129,D3 Formulations,6,15.19,0.1,82.03
650,2025-01-20,1,2025,C105,P206,Minerals,4,16.32,0.1,58.75
650,2025-01-20,1,2025,C105,P024,Nutritional Accessories,2,7.49,0.1,13.48
650,2025-01-20,1,2025,C105,P237,Herbs,4,24.66,0.1,88.78
651,2025-11-27,11,2025,C094,P222,C Formulations,6,24.42,0.1,131.87
651,2025-11-27,11,2025,C094,P162,Multiple Formulas,3,19.5,0.1,52.65
651,2025-11-27,11,2025,C094,P037,D3 Formulations,1,24.34,0.1,21.91
651,2025-11-27,11,2025,C094,P086,C Formulations,2,21.91,0.1,39.44
651,2025-11-27,11,2025,C094,P240,Nutritional Accessories,1,33.3,0.1,29.97
651,2025-11-27,11,2025,C094,P238,Herbs,3,19.29,0.1,52.08
651,2025-11-27,11,2025,C094,P174,D3 Formulations,1,24.06,0.1,21.65
651,2025-11-27,11,2025,C094,P011,C Formulations,1,15.37,0.1,13.83
652,2025-10-02,10,2025,C159,P210,Minerals,2,7.33,0.15,12.46
652,2025-10-02,10,2025,C159,P123,B Formulations,2,34.03,0.15,57.85
652,2025-10-02,10,2025,C159,P069,D3 Formulations,1,24.36,0.15,20.71
653,2025-06-15,6,2025,C102,P154,C Formulations,1,26.36,0.1,23.72
654,2025-12-15,12,2025,C085,P115,Essential Fatty Acids,2,11.14,0.05,21.17
654,2025-12-15,12,2025,C085,P005,C Formulations,3,20.81,0.05,59.31
654,2025-12-15,12,2025,C085,P238,Herbs,4,19.29,0.05,73.3
655,2025-02-14,2,2025,C173,P118,Herbs,5,32.53,0.05,154.52
656,2025-08-07,8,2025,C129,P030,D3 Formulations,2,34.58,0.2,55.33
656,2025-08-07,8,2025,C129,P141,Nutritional Accessories,1,27.48,0.2,21.98
656,2025-08-07,8,2025,C129,P057,Nutritional Accessories,1,9.29,0.2,7.43
656,2025-08-07,8,2025,C129,P019,Nutritional Accessories,1,14.73,0.2,11.78
656,2025-08-07,8,2025,C129,P069,D3 Formulations,3,24.36,0.2,58.46
656,2025-08-07,8,2025,C129,P124,Essential Fatty Acids,3,33.94,0.2,81.46
656,2025-08-07,8,2025,C129,P062,Essential Fatty Acids,1,29.7,0.2,23.76
656,2025-08-07,8,2025,C129,P185,Multiple Formulas,1,13.85,0.2,11.08
657,2025-04-08,4,2025,C015,P220,Essential Fatty Acids,2,17.56,0.0,35.12
657,2025-04-08,4,2025,C015,P133,Multiple Formulas,3,26.18,0.0,78.54
658,2025-05-31,5,2025,C098,P008,Minerals,2,9.48,0.12,16.68
658,2025-05-31,5,2025,C098,P157,Essential Fatty Acids,2,15.8,0.12,27.81
658,2025-05-31,5,2025,C098,P152,C Formulations,3,29.15,0.12,76.96
659,2025-08-29,8,2025,C066,P110,Essential Fatty Acids,2,11.66,0.05,22.15
659,2025-08-29,8,2025,C066,P209,Herbs,2,9.37,0.05,17.8
660,2025-10-12,10,2025,C110,P152,C Formulations,1,29.15,0.2,23.32
660,2025-10-12,10,2025,C110,P187,B Formulations,5,8.28,0.2,33.12
660,2025-10-12,10,2025,C110,P019,Nutritional Accessories,1,14.73,0.2,11.78
661,2025-06-24,6,2025,C079,P106,B Formulations,1,29.05,0.12,25.56
662,2025-04-13,4,2025,C102,P223,Herbs,2,7.31,0.12,12.87
662,2025-04-13,4,2025,C102,P061,C Formulations,1,25.14,0.12,22.12
662,2025-04-13,4,2025,C102,P099,Herbs,2,16.66,0.12,29.32
663,2025-04-30,4,2025,C148,P227,Minerals,3,30.84,0.1,83.27
664,2025-12-18,12,2025,C105,P226,B Formulations,3,20.59,0.1,55.59
665,2025-12-27,12,2025,C096,P148,C Formulations,3,31.15,0.1,84.1
665,2025-12-27,12,2025,C096,P167,Nutritional Accessories,3,7.08,0.1,19.12
665,2025-12-27,12,2025,C096,P143,D3 Formulations,2,26.37,0.1,47.47
666,2025-10-28,10,2025,C001,P071,B Formulations,6,16.13,0.0,96.78
666,2025-10-28,10,2025,C001,P248,Multiple Formulas,10,8.74,0.0,87.4
666,2025-10-28,10,2025,C001,P211,Essential Fatty Acids,1,7.18,0.0,7.18
666,2025-10-28,10,2025,C001,P170,Herbs,2,9.68,0.0,19.36
667,2025-09-05,9,2025,C097,P116,D3 Formulations,5,33.27,0.12,146.39
668,2025-09-30,9,2025,C180,P039,Multiple Formulas,1,21.54,0.15,18.31
668,2025-09-30,9,2025,C180,P082,D3 Formulations,5,8.94,0.15,37.99
668,2025-09-30,9,2025,C180,P218,Minerals,4,11.02,0.15,37.47
668,2025-09-30,9,2025,C180,P098,D3 Formulations,1,8.72,0.15,7.41
669,2025-06-25,6,2025,C130,P111,Nutritional Accessories,2,26.95,0.05,51.2
669,2025-06-25,6,2025,C130,P020,C Formulations,1,14.26,0.05,13.55
669,2025-06-25,6,2025,C130,P093,B Formulations,5,27.65,0.05,131.34
669,2025-06-25,6,2025,C130,P135,Essential Fatty Acids,1,8.82,0.05,8.38
670,2025-06-27,6,2025,C057,P210,Minerals,3,7.33,0.15,18.69
670,2025-06-27,6,2025,C057,P041,C Formulations,2,30.22,0.15,51.37
670,2025-06-27,6,2025,C057,P032,Multiple Formulas,1,25.49,0.15,21.67
670,2025-06-27,6,2025,C057,P242,Essential Fatty Acids,2,33.87,0.15,57.58
670,2025-06-27,6,2025,C057,P228,Herbs,5,25.1,0.15,106.68
670,2025-06-27,6,2025,C057,P011,C Formulations,1,15.37,0.15,13.06
670,2025-06-27,6,2025,C057,P100,Minerals,5,13.69,0.15,58.18
670,2025-06-27,6,2025,C057,P033,D3 Formulations,1,28.09,0.15,23.88
671,2025-08-11,8,2025,C065,P134,Minerals,3,22.53,0.1,60.83
671,2025-08-11,8,2025,C065,P215,C Formulations,1,8.84,0.1,7.96
672,2025-04-04,4,2025,C155,P242,Essential Fatty Acids,3,33.87,0.05,96.53
672,2025-04-04,4,2025,C155,P026,Herbs,2,32.34,0.05,61.45
672,2025-04-04,4,2025,C155,P203,Essential Fatty Acids,2,23.74,0.05,45.11
672,2025-04-04,4,2025,C155,P202,Nutritional Accessories,1,22.08,0.05,20.98
673,2025-07-28,7,2025,C055,P234,D3 Formulations,2,33.27,0.05,63.21
674,2025-04-01,4,2025,C058,P048,Essential Fatty Acids,4,20.85,0.15,70.89
674,2025-04-01,4,2025,C058,P041,C Formulations,3,30.22,0.15,77.06
674,2025-04-01,4,2025,C058,P047,Nutritional Accessories,5,6.48,0.15,27.54
674,2025-04-01,4,2025,C058,P200,C Formulations,2,33.69,0.15,57.27
675,2025-01-19,1,2025,C017,P173,C Formulations,5,12.26,0.2,49.04
675,2025-01-19,1,2025,C017,P095,Herbs,2,30.63,0.2,49.01
675,2025-01-19,1,2025,C017,P110,Essential Fatty Acids,1,11.66,0.2,9.33
675,2025-01-19,1,2025,C017,P059,C Formulations,1,31.44,0.2,25.15
676,2025-06-10,6,2025,C121,P138,Multiple Formulas,4,10.06,0.15,34.2
676,2025-06-10,6,2025,C121,P166,Multiple Formulas,4,6.88,0.15,23.39
676,2025-06-10,6,2025,C121,P010,B Formulations,1,33.34,0.15,28.34
676,2025-06-10,6,2025,C121,P089,D3 Formulations,1,12.5,0.15,10.62
677,2025-04-02,4,2025,C051,P002,D3 Formulations,2,29.72,0.1,53.5
677,2025-04-02,4,2025,C051,P066,B Formulations,1,8.7,0.1,7.83
677,2025-04-02,4,2025,C051,P010,B Formulations,2,33.34,0.1,60.01
678,2025-03-08,3,2025,C156,P099,Herbs,3,16.66,0.2,39.98
678,2025-03-08,3,2025,C156,P182,Essential Fatty Acids,3,20.97,0.2,50.33
678,2025-03-08,3,2025,C156,P215,C Formulations,4,8.84,0.2,28.29
679,2025-02-16,2,2025,C088,P179,Multiple Formulas,3,24.49,0.12,64.65
679,2025-02-16,2,2025,C088,P115,Essential Fatty Acids,2,11.14,0.12,19.61
679,2025-02-16,2,2025,C088,P196,B Formulations,1,21.93,0.12,19.3
680,2025-01-09,1,2025,C157,P167,Nutritional Accessories,2,7.08,0.12,12.46
681,2025-05-15,5,2025,C112,P173,C Formulations,3,12.26,0.05,34.94
681,2025-05-15,5,2025,C112,P229,Multiple Formulas,3,10.73,0.05,30.58
681,2025-05-15,5,2025,C112,P241,B Formulations,1,17.2,0.05,16.34
682,2025-03-17,3,2025,C066,P147,C Formulations,1,29.49,0.15,25.07
682,2025-03-17,3,2025,C066,P144,Nutritional Accessories,4,16.43,0.15,55.86
682,2025-03-17,3,2025,C066,P229,Multiple Formulas,3,10.73,0.15,27.36
682,2025-03-17,3,2025,C066,P204,Multiple Formulas,1,18.17,0.15,15.44
682,2025-03-17,3,2025,C066,P016,Minerals,1,33.91,0.15,28.82
683,2025-11-12,11,2025,C014,P032,Multiple Formulas,5,25.49,0.12,112.16
683,2025-11-12,11,2025,C014,P138,Multiple Formulas,6,10.06,0.12,53.12
683,2025-11-12,11,2025,C014,P231,Herbs,3,24.63,0.12,65.02
683,2025-11-12,11,2025,C014,P049,Herbs,1,12.57,0.12,11.06
683,2025-11-12,11,2025,C014,P151,C Formulations,1,20.54,0.12,18.08
683,2025-11-12,11,2025,C014,P026,Herbs,1,32.34,0.12,28.46
683,2025-11-12,11,2025,C014,P204,Multiple Formulas,3,18.17,0.12,47.97
683,2025-11-12,11,2025,C014,P007,Minerals,4,12.44,0.12,43.79
684,2025-12-05,12,2025,C160,P086,C Formulations,6,21.91,0.05,124.89
684,2025-12-05,12,2025,C160,P106,B Formulations,2,29.05,0.05,55.2
684,2025-12-05,12,2025,C160,P014,C Formulations,6,16.55,0.05,94.34
685,2025-03-10,3,2025,C053,P014,C Formulations,5,16.55,0.05,78.61
685,2025-03-10,3,2025,C053,P244,Multiple Formulas,1,11.68,0.05,11.1
686,2025-09-07,9,2025,C038,P122,Minerals,10,18.42,0.12,162.1
686,2025-09-07,9,2025,C038,P185,Multiple Formulas,1,13.85,0.12,12.19
686,2025-09-07,9,2025,C038,P139,Essential Fatty Acids,5,21.03,0.12,92.53
686,2025-09-07,9,2025,C038,P102,B Formulations,5,34.22,0.12,150.57
687,2025-12-30,12,2025,C142,P250,C Formulations,2,8.06,0.05,15.31
687,2025-12-30,12,2025,C142,P090,B Formulations,2,26.65,0.05,50.64
687,2025-12-30,12,2025,C142,P020,C Formulations,3,14.26,0.05,40.64
687,2025-12-30,12,2025,C142,P186,Minerals,1,18.73,0.05,17.79
687,2025-12-30,12,2025,C142,P212,Essential Fatty Acids,1,30.81,0.05,29.27
687,2025-12-30,12,2025,C142,P057,Nutritional Accessories,1,9.29,0.05,8.83
687,2025-12-30,12,2025,C142,P091,Nutritional Accessories,2,12.88,0.05,24.47
687,2025-12-30,12,2025,C142,P024,Nutritional Accessories,1,7.49,0.05,7.12
688,2025-01-14,1,2025,C169,P002,D3 Formulations,3,29.72,0.1,80.24
688,2025-01-14,1,2025,C169,P103,B Formulations,10,17.4,0.1,156.6
688,2025-01-14,1,2025,C169,P013,C Formulations,1,26.39,0.1,23.75
688,2025-01-14,1,2025,C169,P207,Nutritional Accessories,1,27.98,0.1,25.18
689,2025-03-25,3,2025,C014,P045,D3 Formulations,1,23.14,0.15,19.67
689,2025-03-25,3,2025,C014,P222,C Formulations,1,24.42,0.15,20.76
690,2025-11-16,11,2025,C019,P222,C Formulations,2,24.42,0.12,42.98
690,2025-11-16,11,2025,C019,P040,C Formulations,3,8.62,0.12,22.76
690,2025-11-16,11,2025,C019,P152,C Formulations,4,29.15,0.12,102.61
690,2025-11-16,11,2025,C019,P114,Herbs,1,24.72,0.12,21.75
690,2025-11-16,11,2025,C019,P141,Nutritional Accessories,6,27.48,0.12,145.09
690,2025-11-16,11,2025,C019,P212,Essential Fatty Acids,1,30.81,0.12,27.11
690,2025-11-16,11,2025,C019,P076,B Formulations,2,24.62,0.12,43.33
690,2025-11-16,11,2025,C019,P085,Essential Fatty Acids,6,10.66,0.12,56.28
690,2025-11-16,11,2025,C019,P108,D3 Formulations,1,22.73,0.12,20.0
690,2025-11-16,11,2025,C019,P070,Herbs,1,15.83,0.12,13.93
691,2025-01-07,1,2025,C175,P015,Nutritional Accessories,3,34.18,0.12,90.24
692,2025-02-02,2,2025,C174,P077,D3 Formulations,1,8.44,0.1,7.6
692,2025-02-02,2,2025,C174,P219,Nutritional Accessories,2,18.58,0.1,33.44
692,2025-02-02,2,2025,C174,P188,Essential Fatty Acids,1,6.74,0.1,6.07
692,2025-02-02,2,2025,C174,P184,C Formulations,2,29.06,0.1,52.31
692,2025-02-02,2,2025,C174,P051,Essential Fatty Acids,3,11.06,0.1,29.86
692,2025-02-02,2,2025,C174,P064,Multiple Formulas,2,21.36,0.1,38.45
692,2025-02-02,2,2025,C174,P093,B Formulations,3,27.65,0.1,74.65
692,2025-02-02,2,2025,C174,P042,Essential Fatty Acids,2,15.3,0.1,27.54
693,2025-06-17,6,2025,C150,P052,Herbs,5,26.04,0.0,130.2
694,2025-04-22,4,2025,C139,P102,B Formulations,3,34.22,0.12,90.34
694,2025-04-22,4,2025,C139,P208,D3 Formulations,4,6.42,0.12,22.6
694,2025-04-22,4,2025,C139,P134,Minerals,3,22.53,0.12,59.48
694,2025-04-22,4,2025,C139,P100,Minerals,5,13.69,0.12,60.24
694,2025-04-22,4,2025,C139,P036,Minerals,4,16.67,0.12,58.68
694,2025-04-22,4,2025,C139,P139,Essential Fatty Acids,4,21.03,0.12,74.03
694,2025-04-22,4,2025,C139,P129,D3 Formulations,2,15.19,0.12,26.73
694,2025-04-22,4,2025,C139,P082,D3 Formulations,2,8.94,0.12,15.73
695,2025-09-21,9,2025,C151,P206,Minerals,3,16.32,0.1,44.06
695,2025-09-21,9,2025,C151,P246,Herbs,4,8.92,0.1,32.11
695,2025-09-21,9,2025,C151,P099,Herbs,6,16.66,0.1,89.96
696,2025-02-07,2,2025,C161,P186,Minerals,1,18.73,0.12,16.48
696,2025-02-07,2,2025,C161,P055,Essential Fatty Acids,4,9.99,0.12,35.16
696,2025-02-07,2,2025,C161,P114,Herbs,2,24.72,0.12,43.51
697,2025-02-17,2,2025,C154,P184,C Formulations,1,29.06,0.12,25.57
697,2025-02-17,2,2025,C154,P006,Nutritional Accessories,2,18.1,0.12,31.86
697,2025-02-17,2,2025,C154,P031,Minerals,3,13.02,0.12,34.37
697,2025-02-17,2,2025,C154,P033,D3 Formulations,1,28.09,0.12,24.72
697,2025-02-17,2,2025,C154,P048,Essential Fatty Acids,2,20.85,0.12,36.7
697,2025-02-17,2,2025,C154,P236,D3 Formulations,3,17.26,0.12,45.57
697,2025-02-17,2,2025,C154,P094,Herbs,2,24.84,0.12,43.72
697,2025-02-17,2,2025,C154,P200,C Formulations,2,33.69,0.12,59.29
697,2025-02-17,2,2025,C154,P107,Herbs,5,20.58,0.12,90.55
697,2025-02-17,2,2025,C154,P243,D3 Formulations,1,32.26,0.12,28.39
698,2025-05-24,5,2025,C035,P063,Minerals,1,22.1,0.12,19.45
698,2025-05-24,5,2025,C035,P214,Essential Fatty Acids,3,19.75,0.12,52.14
698,2025-05-24,5,2025,C035,P050,Herbs,1,24.71,0.12,21.74
698,2025-05-24,5,2025,C035,P119,Nutritional Accessories,2,16.73,0.12,29.44
699,2025-10-27,10,2025,C177,P060,Minerals,1,13.48,0.12,11.86
699,2025-10-27,10,2025,C177,P012,Essential Fatty Acids,2,21.04,0.12,37.03
699,2025-10-27,10,2025,C177,P115,Essential Fatty Acids,1,11.14,0.12,9.8
699,2025-10-27,10,2025,C177,P185,Multiple Formulas,4,13.85,0.12,48.75
700,2025-12-26,12,2025,C008,P247,Multiple Formulas,6,6.53,0.1,35.26
700,2025-12-26,12,2025,C008,P010,B Formulations,3,33.34,0.1,90.02
700,2025-12-26,12,2025,C008,P121,Nutritional Accessories,4,32.92,0.1,118.51
701,2025-01-02,1,2025,C078,P003,Minerals,2,30.96,0.2,49.54
701,2025-01-02,1,2025,C078,P033,D3 Formulations,1,28.09,0.2,22.47
702,2025-03-16,3,2025,C150,P188,Essential Fatty Acids,2,6.74,0.15,11.46
702,2025-03-16,3,2025,C150,P208,D3 Formulations,3,6.42,0.15,16.37
703,2025-09-05,9,2025,C128,P195,Essential Fatty Acids,1,13.26,0.0,13.26
703,2025-09-05,9,2025,C128,P152,C Formulations,1,29.15,0.0,29.15
704,2025-03-05,3,2025,C100,P013,C Formulations,1,26.39,0.1,23.75
705,2025-03-26,3,2025,C092,P201,Essential Fatty Acids,6,27.4,0.15,139.74
706,2025-05-05,5,2025,C074,P225,B Formulations,10,24.15,0.0,241.5
706,2025-05-05,5,2025,C074,P049,Herbs,2,12.57,0.0,25.14
706,2025-05-05,5,2025,C074,P143,D3 Formulations,2,26.37,0.0,52.74
707,2025-08-19,8,2025,C161,P039,Multiple Formulas,3,21.54,0.15,54.93
707,2025-08-19,8,2025,C161,P025,D3 Formulations,1,14.08,0.15,11.97
707,2025-08-19,8,2025,C161,P121,Nutritional Accessories,2,32.92,0.15,55.96
707,2025-08-19,8,2025,C161,P198,D3 Formulations,3,25.15,0.15,64.13
707,2025-08-19,8,2025,C161,P171,Nutritional Accessories,2,21.15,0.15,35.96
708,2025-10-24,10,2025,C121,P052,Herbs,3,26.04,0.0,78.12
708,2025-10-24,10,2025,C121,P039,Multiple Formulas,4,21.54,0.0,86.16
709,2025-08-10,8,2025,C033,P214,Essential Fatty Acids,2,19.75,0.15,33.57
710,2025-07-20,7,2025,C027,P057,Nutritional Accessories,4,9.29,0.1,33.44
711,2025-02-16,2,2025,C097,P104,D3 Formulations,2,31.87,0.15,54.18
712,2025-08-23,8,2025,C028,P093,B Formulations,3,27.65,0.1,74.65
712,2025-08-23,8,2025,C028,P236,D3 Formulations,1,17.26,0.1,15.53
712,2025-08-23,8,2025,C028,P124,Essential Fatty Acids,3,33.94,0.1,91.64
712,2025-08-23,8,2025,C028,P106,B Formulations,5,29.05,0.1,130.72
713,2025-10-25,10,2025,C101,P145,Nutritional Accessories,1,14.51,0.0,14.51
713,2025-10-25,10,2025,C101,P153,Multiple Formulas,1,24.85,0.0,24.85
713,2025-10-25,10,2025,C101,P088,Multiple Formulas,3,24.91,0.0,74.73
713,2025-10-25,10,2025,C101,P032,Multiple Formulas,1,25.49,0.0,25.49
713,2025-10-25,10,2025,C101,P151,C Formulations,1,20.54,0.0,20.54
714,2025-11-08,11,2025,C076,P245,Essential Fatty Acids,1,8.01,0.1,7.21
714,2025-11-08,11,2025,C076,P176,Herbs,1,7.5,0.1,6.75
714,2025-11-08,11,2025,C076,P142,Multiple Formulas,1,26.21,0.1,23.59
714,2025-11-08,11,2025,C076,P247,Multiple Formulas,6,6.53,0.1,35.26
714,2025-11-08,11,2025,C076,P200,C Formulations,1,33.69,0.1,30.32
715,2025-10-13,10,2025,C171,P018,Nutritional Accessories,2,20.42,0.15,34.71
715,2025-10-13,10,2025,C171,P083,Minerals,1,25.24,0.15,21.45
715,2025-10-13,10,2025,C171,P073,Multiple Formulas,2,32.02,0.15,54.43
716,2025-10-20,10,2025,C021,P230,Minerals,3,8.05,0.0,24.15
716,2025-10-20,10,2025,C021,P232,D3 Formulations,1,6.77,0.0,6.77
716,2025-10-20,10,2025,C021,P239,C Formulations,4,21.82,0.0,87.28
716,2025-10-20,10,2025,C021,P130,D3 Formulations,1,10.92,0.0,10.92
717,2025-08-03,8,2025,C097,P008,Minerals,2,9.48,0.1,17.06
717,2025-08-03,8,2025,C097,P168,Essential Fatty Acids,2,29.86,0.1,53.75
718,2025-10-26,10,2025,C119,P021,Herbs,2,7.07,0.15,12.02
718,2025-10-26,10,2025,C119,P186,Minerals,5,18.73,0.15,79.6
719,2025-03-04,3,2025,C091,P030,D3 Formulations,4,34.58,0.05,131.4
719,2025-03-04,3,2025,C091,P196,B Formulations,2,21.93,0.05,41.67
719,2025-03-04,3,2025,C091,P063,Minerals,3,22.1,0.05,62.99
720,2025-06-21,6,2025,C102,P065,Essential Fatty Acids,1,13.01,0.1,11.71
720,2025-06-21,6,2025,C102,P062,Essential Fatty Acids,2,29.7,0.1,53.46
720,2025-06-21,6,2025,C102,P201,Essential Fatty Acids,1,27.4,0.1,24.66
720,2025-06-21,6,2025,C102,P050,Herbs,2,24.71,0.1,44.48
720,2025-06-21,6,2025,C102,P134,Minerals,1,22.53,0.1,20.28
720,2025-06-21,6,2025,C102,P054,D3 Formulations,10,33.17,0.1,298.53
720,2025-06-21,6,2025,C102,P052,Herbs,1,26.04,0.1,23.44
720,2025-06-21,6,2025,C102,P189,Essential Fatty Acids,1,33.92,0.1,30.53
720,2025-06-21,6,2025,C102,P248,Multiple Formulas,2,8.74,0.1,15.73
720,2025-06-21,6,2025,C102,P068,Multiple Formulas,3,32.11,0.1,86.7
721,2025-07-19,7,2025,C096,P209,Herbs,1,9.37,0.2,7.5
722,2025-08-07,8,2025,C106,P012,Essential Fatty Acids,10,21.04,0.15,178.84
722,2025-08-07,8,2025,C106,P106,B Formulations,2,29.05,0.15,49.38
722,2025-08-07,8,2025,C106,P023,B Formulations,3,20.58,0.15,52.48
722,2025-08-07,8,2025,C106,P059,C Formulations,5,31.44,0.15,133.62
722,2025-08-07,8,2025,C106,P205,D3 Formulations,2,13.18,0.15,22.41
723,2025-04-09,4,2025,C020,P196,B Formulations,2,21.93,0.15,37.28
724,2025-11-22,11,2025,C172,P224,D3 Formulations,5,16.86,0.05,80.08
724,2025-11-22,11,2025,C172,P215,C Formulations,3,8.84,0.05,25.19
725,2025-09-21,9,2025,C161,P124,Essential Fatty Acids,2,33.94,0.05,64.49
725,2025-09-21,9,2025,C161,P236,D3 Formulations,2,17.26,0.05,32.79
726,2025-05-16,5,2025,C175,P114,Herbs,3,24.72,0.12,65.26
726,2025-05-16,5,2025,C175,P003,Minerals,5,30.96,0.12,136.22
726,2025-05-16,5,2025,C175,P126,Nutritional Accessories,2,14.54,0.12,25.59
726,2025-05-16,5,2025,C175,P106,B Formulations,4,29.05,0.12,102.26
726,2025-05-16,5,2025,C175,P196,B Formulations,2,21.93,0.12,38.6
726,2025-05-16,5,2025,C175,P060,Minerals,2,13.48,0.12,23.72
726,2025-05-16,5,2025,C175,P175,Nutritional Accessories,1,8.48,0.12,7.46
726,2025-05-16,5,2025,C175,P116,D3 Formulations,5,33.27,0.12,146.39
727,2025-10-15,10,2025,C132,P175,Nutritional Accessories,2,8.48,0.0,16.96
727,2025-10-15,10,2025,C132,P128,Multiple Formulas,2,30.68,0.0,61.36
727,2025-10-15,10,2025,C132,P190,Herbs,4,30.24,0.0,120.96
727,2025-10-15,10,2025,C132,P105,B Formulations,2,24.3,0.0,48.6
727,2025-10-15,10,2025,C132,P173,C Formulations,6,12.26,0.0,73.56
727,2025-10-15,10,2025,C132,P179,Multiple Formulas,1,24.49,0.0,24.49
727,2025-10-15,10,2025,C132,P238,Herbs,2,19.29,0.0,38.58
727,2025-10-15,10,2025,C132,P145,Nutritional Accessories,3,14.51,0.0,43.53
727,2025-10-15,10,2025,C132,P201,Essential Fatty Acids,4,27.4,0.0,109.6
727,2025-10-15,10,2025,C132,P210,Minerals,3,7.33,0.0,21.99
728,2025-12-10,12,2025,C011,P173,C Formulations,4,12.26,0.05,46.59
728,2025-12-10,12,2025,C011,P160,D3 Formulations,2,22.77,0.05,43.26
728,2025-12-10,12,2025,C011,P071,B Formulations,4,16.13,0.05,61.29
728,2025-12-10,12,2025,C011,P047,Nutritional Accessories,2,6.48,0.05,12.31
729,2025-02-17,2,2025,C061,P232,D3 Formulations,1,6.77,0.15,5.75
729,2025-02-17,2,2025,C061,P046,D3 Formulations,1,25.65,0.15,21.8
729,2025-02-17,2,2025,C061,P247,Multiple Formulas,2,6.53,0.15,11.1
730,2025-03-14,3,2025,C133,P201,Essential Fatty Acids,2,27.4,0.2,43.84
730,2025-03-14,3,2025,C133,P138,Multiple Formulas,3,10.06,0.2,24.14
730,2025-03-14,3,2025,C133,P102,B Formulations,1,34.22,0.2,27.38
730,2025-03-14,3,2025,C133,P202,Nutritional Accessories,5,22.08,0.2,88.32
730,2025-03-14,3,2025,C133,P022,Minerals,3,23.68,0.2,56.83
731,2025-10-17,10,2025,C155,P206,Minerals,2,16.32,0.15,27.74
731,2025-10-17,10,2025,C155,P124,Essential Fatty Acids,1,33.94,0.15,28.85
731,2025-10-17,10,2025,C155,P134,Minerals,3,22.53,0.15,57.45
731,2025-10-17,10,2025,C155,P048,Essential Fatty Acids,1,20.85,0.15,17.72
731,2025-10-17,10,2025,C155,P002,D3 Formulations,1,29.72,0.15,25.26
731,2025-10-17,10,2025,C155,P176,Herbs,4,7.5,0.15,25.5
731,2025-10-17,10,2025,C155,P118,Herbs,2,32.53,0.15,55.3
731,2025-10-17,10,2025,C155,P142,Multiple Formulas,2,26.21,0.15,44.56
731,2025-10-17,10,2025,C155,P179,Multiple Formulas,2,24.49,0.15,41.63
731,2025-10-17,10,2025,C155,P185,Multiple Formulas,4,13.85,0.15,47.09
732,2025-02-19,2,2025,C077,P084,Nutritional Accessories,5,6.15,0.15,26.14
732,2025-02-19,2,2025,C077,P230,Minerals,2,8.05,0.15,13.68
733,2025-01-07,1,2025,C040,P159,Multiple Formulas,2,8.73,0.12,15.36
733,2025-01-07,1,2025,C040,P037,D3 Formulations,2,24.34,0.12,42.84
734,2025-03-24,3,2025,C159,P151,C Formulations,3,20.54,0.15,52.38
735,2025-11-14,11,2025,C135,P225,B Formulations,1,24.15,0.1,21.74
735,2025-11-14,11,2025,C135,P067,D3 Formulations,10,32.02,0.1,288.18
735,2025-11-14,11,2025,C135,P002,D3 Formulations,1,29.72,0.1,26.75
735,2025-11-14,11,2025,C135,P185,Multiple Formulas,2,13.85,0.1,24.93
736,2025-11-15,11,2025,C144,P102,B Formulations,3,34.22,0.15,87.26
736,2025-11-15,11,2025,C144,P164,D3 Formulations,2,14.31,0.15,24.33
736,2025-11-15,11,2025,C144,P099,Herbs,10,16.66,0.15,141.61
736,2025-11-15,11,2025,C144,P025,D3 Formulations,1,14.08,0.15,11.97
736,2025-11-15,11,2025,C144,P153,Multiple Formulas,4,24.85,0.15,84.49
737,2025-09-26,9,2025,C178,P003,Minerals,2,30.96,0.1,55.73
737,2025-09-26,9,2025,C178,P160,D3 Formulations,2,22.77,0.1,40.99
737,2025-09-26,9,2025,C178,P247,Multiple Formulas,1,6.53,0.1,5.88
738,2025-02-18,2,2025,C121,P033,D3 Formulations,3,28.09,0.0,84.27
738,2025-02-18,2,2025,C121,P137,Multiple Formulas,3,34.71,0.0,104.13
739,2025-06-20,6,2025,C084,P008,Minerals,4,9.48,0.12,33.37
740,2025-08-27,8,2025,C047,P031,Minerals,5,13.02,0.15,55.33
740,2025-08-27,8,2025,C047,P246,Herbs,2,8.92,0.15,15.16
740,2025-08-27,8,2025,C047,P224,D3 Formulations,1,16.86,0.15,14.33
741,2025-06-17,6,2025,C004,P015,Nutritional Accessories,1,34.18,0.05,32.47
741,2025-06-17,6,2025,C004,P219,Nutritional Accessories,2,18.58,0.05,35.3
742,2025-09-12,9,2025,C170,P172,Minerals,3,28.33,0.12,74.79
742,2025-09-12,9,2025,C170,P010,B Formulations,2,33.34,0.12,58.68
742,2025-09-12,9,2025,C170,P119,Nutritional Accessories,10,16.73,0.12,147.22
742,2025-09-12,9,2025,C170,P061,C Formulations,1,25.14,0.12,22.12
742,2025-09-12,9,2025,C170,P087,Herbs,2,26.06,0.12,45.87
742,2025-09-12,9,2025,C170,P062,Essential Fatty Acids,5,29.7,0.12,130.68
742,2025-09-12,9,2025,C170,P197,B Formulations,2,26.72,0.12,47.03
742,2025-09-12,9,2025,C170,P023,B Formulations,3,20.58,0.12,54.33
742,2025-09-12,9,2025,C170,P166,Multiple Formulas,2,6.88,0.12,12.11
742,2025-09-12,9,2025,C170,P054,D3 Formulations,6,33.17,0.12,175.14
743,2025-03-16,3,2025,C045,P157,Essential Fatty Acids,1,15.8,0.05,15.01
743,2025-03-16,3,2025,C045,P241,B Formulations,2,17.2,0.05,32.68
744,2025-05-03,5,2025,C171,P231,Herbs,2,24.63,0.2,39.41
744,2025-05-03,5,2025,C171,P165,B Formulations,1,23.13,0.2,18.5
745,2025-01-30,1,2025,C107,P238,Herbs,2,19.29,0.2,30.86
745,2025-01-30,1,2025,C107,P006,Nutritional Accessories,2,18.1,0.2,28.96
745,2025-01-30,1,2025,C107,P165,B Formulations,1,23.13,0.2,18.5
745,2025-01-30,1,2025,C107,P016,Minerals,5,33.91,0.2,135.64
746,2025-07-09,7,2025,C022,P005,C Formulations,1,20.81,0.0,20.81
746,2025-07-09,7,2025,C022,P075,Minerals,1,28.62,0.0,28.62
746,2025-07-09,7,2025,C022,P060,Minerals,1,13.48,0.0,13.48
747,2025-09-01,9,2025,C038,P035,Herbs,4,27.12,0.15,92.21
747,2025-09-01,9,2025,C038,P021,Herbs,2,7.07,0.15,12.02
748,2025-04-30,4,2025,C036,P080,D3 Formulations,1,23.59,0.12,20.76
749,2025-01-17,1,2025,C179,P099,Herbs,1,16.66,0.05,15.83
749,2025-01-17,1,2025,C179,P134,Minerals,1,22.53,0.05,21.4
750,2025-10-29,10,2025,C038,P131,D3 Formulations,3,22.15,0.1,59.8
750,2025-10-29,10,2025,C038,P240,Nutritional Accessories,1,33.3,0.1,29.97
751,2025-05-17,5,2025,C099,P016,Minerals,2,33.91,0.05,64.43
752,2025-03-10,3,2025,C047,P153,Multiple Formulas,2,24.85,0.15,42.24
752,2025-03-10,3,2025,C047,P092,D3 Formulations,1,15.44,0.15,13.12
752,2025-03-10,3,2025,C047,P057,Nutritional Accessories,10,9.29,0.15,78.96
752,2025-03-10,3,2025,C047,P128,Multiple Formulas,1,30.68,0.15,26.08
752,2025-03-10,3,2025,C047,P164,D3 Formulations,4,14.31,0.15,48.65
752,2025-03-10,3,2025,C047,P072,B Formulations,10,27.05,0.15,229.92
752,2025-03-10,3,2025,C047,P051,Essential Fatty Acids,1,11.06,0.15,9.4
752,2025-03-10,3,2025,C047,P099,Herbs,3,16.66,0.15,42.48
752,2025-03-10,3,2025,C047,P225,B Formulations,4,24.15,0.15,82.11
752,2025-03-10,3,2025,C047,P105,B Formulations,6,24.3,0.15,123.93
753,2025-06-20,6,2025,C132,P084,Nutritional Accessories,5,6.15,0.1,27.68
754,2025-03-05,3,2025,C023,P006,Nutritional Accessories,1,18.1,0.0,18.1
755,2025-01-23,1,2025,C042,P083,Minerals,1,25.24,0.12,22.21
755,2025-01-23,1,2025,C042,P128,Multiple Formulas,3,30.68,0.12,81.0
755,2025-01-23,1,2025,C042,P098,D3 Formulations,2,8.72,0.12,15.35
755,2025-01-23,1,2025,C042,P138,Multiple Formulas,1,10.06,0.12,8.85
755,2025-01-23,1,2025,C042,P117,Multiple Formulas,2,33.66,0.12,59.24
756,2025-08-13,8,2025,C045,P171,Nutritional Accessories,2,21.15,0.15,35.96
757,2025-11-08,11,2025,C078,P111,Nutritional Accessories,5,26.95,0.0,134.75
757,2025-11-08,11,2025,C078,P053,C Formulations,2,17.22,0.0,34.44
757,2025-11-08,11,2025,C078,P155,Minerals,1,29.08,0.0,29.08
757,2025-11-08,11,2025,C078,P079,Essential Fatty Acids,3,32.06,0.0,96.18
757,2025-11-08,11,2025,C078,P100,Minerals,3,13.69,0.0,41.07
757,2025-11-08,11,2025,C078,P196,B Formulations,3,21.93,0.0,65.79
757,2025-11-08,11,2025,C078,P125,Minerals,1,30.74,0.0,30.74
757,2025-11-08,11,2025,C078,P223,Herbs,5,7.31,0.0,36.55
758,2025-06-08,6,2025,C033,P197,B Formulations,4,26.72,0.2,85.5
759,2025-01-30,1,2025,C142,P190,Herbs,3,30.24,0.2,72.58
759,2025-01-30,1,2025,C142,P053,C Formulations,4,17.22,0.2,55.1
759,2025-01-30,1,2025,C142,P047,Nutritional Accessories,1,6.48,0.2,5.18
759,2025-01-30,1,2025,C142,P129,D3 Formulations,2,15.19,0.2,24.3
759,2025-01-30,1,2025,C142,P249,Multiple Formulas,1,25.81,0.2,20.65
760,2025-03-15,3,2025,C102,P142,Multiple Formulas,4,26.21,0.2,83.87
760,2025-03-15,3,2025,C102,P220,Essential Fatty Acids,2,17.56,0.2,28.1
760,2025-03-15,3,2025,C102,P135,Essential Fatty Acids,3,8.82,0.2,21.17
760,2025-03-15,3,2025,C102,P189,Essential Fatty Acids,1,33.92,0.2,27.14
761,2025-08-20,8,2025,C023,P205,D3 Formulations,2,13.18,0.05,25.04
761,2025-08-20,8,2025,C023,P225,B Formulations,1,24.15,0.05,22.94
761,2025-08-20,8,2025,C023,P239,C Formulations,4,21.82,0.05,82.92
762,2025-03-18,3,2025,C093,P116,D3 Formulations,2,33.27,0.0,66.54
762,2025-03-18,3,2025,C093,P205,D3 Formulations,4,13.18,0.0,52.72
763,2025-02-09,2,2025,C132,P103,B Formulations,1,17.4,0.12,15.31
763,2025-02-09,2,2025,C132,P036,Minerals,2,16.67,0.12,29.34
764,2025-09-13,9,2025,C019,P100,Minerals,2,13.69,0.0,27.38
764,2025-09-13,9,2025,C019,P215,C Formulations,1,8.84,0.0,8.84
765,2025-04-16,4,2025,C113,P146,Essential Fatty Acids,2,29.47,0.1,53.05
765,2025-04-16,4,2025,C113,P206,Minerals,2,16.32,0.1,29.38
765,2025-04-16,4,2025,C113,P014,C Formulations,1,16.55,0.1,14.9
766,2025-06-01,6,2025,C015,P026,Herbs,1,32.34,0.05,30.72
766,2025-06-01,6,2025,C015,P045,D3 Formulations,5,23.14,0.05,109.92
766,2025-06-01,6,2025,C015,P061,C Formulations,4,25.14,0.05,95.53
767,2025-12-11,12,2025,C064,P126,Nutritional Accessories,1,14.54,0.2,11.63
767,2025-12-11,12,2025,C064,P170,Herbs,2,9.68,0.2,15.49
768,2025-06-08,6,2025,C076,P173,C Formulations,2,12.26,0.2,19.62
768,2025-06-08,6,2025,C076,P141,Nutritional Accessories,3,27.48,0.2,65.95
769,2025-05-24,5,2025,C028,P061,C Formulations,10,25.14,0.12,221.23
770,2025-06-05,6,2025,C097,P229,Multiple Formulas,1,10.73,0.2,8.58
770,2025-06-05,6,2025,C097,P151,C Formulations,1,20.54,0.2,16.43
770,2025-06-05,6,2025,C097,P166,Multiple Formulas,2,6.88,0.2,11.01
770,2025-06-05,6,2025,C097,P016,Minerals,10,33.91,0.2,271.28
770,2025-06-05,6,2025,C097,P011,C Formulations,2,15.37,0.2,24.59
771,2025-07-07,7,2025,C159,P214,Essential Fatty Acids,1,19.75,0.1,17.78
771,2025-07-07,7,2025,C159,P020,C Formulations,4,14.26,0.1,51.34
771,2025-07-07,7,2025,C159,P140,Multiple Formulas,4,31.44,0.1,113.18
771,2025-07-07,7,2025,C159,P009,Essential Fatty Acids,2,15.79,0.1,28.42
771,2025-07-07,7,2025,C159,P010,B Formulations,1,33.34,0.1,30.01
771,2025-07-07,7,2025,C159,P087,Herbs,1,26.06,0.1,23.45
771,2025-07-07,7,2025,C159,P133,Multiple Formulas,4,26.18,0.1,94.25
771,2025-07-07,7,2025,C159,P171,Nutritional Accessories,2,21.15,0.1,38.07
772,2025-09-19,9,2025,C013,P133,Multiple Formulas,1,26.18,0.15,22.25
773,2025-01-16,1,2025,C146,P220,Essential Fatty Acids,4,17.56,0.1,63.22
774,2025-01-21,1,2025,C097,P095,Herbs,2,30.63,0.15,52.07
774,2025-01-21,1,2025,C097,P058,Multiple Formulas,4,32.82,0.15,111.59
775,2025-08-05,8,2025,C023,P185,Multiple Formulas,4,13.85,0.1,49.86
776,2025-06-02,6,2025,C086,P241,B Formulations,1,17.2,0.0,17.2
777,2025-12-29,12,2025,C168,P069,D3 Formulations,1,24.36,0.2,19.49
777,2025-12-29,12,2025,C168,P113,Nutritional Accessories,4,6.71,0.2,21.47
778,2025-11-06,11,2025,C179,P197,B Formulations,3,26.72,0.2,64.13
778,2025-11-06,11,2025,C179,P239,C Formulations,1,21.82,0.2,17.46
778,2025-11-06,11,2025,C179,P047,Nutritional Accessories,6,6.48,0.2,31.1
778,2025-11-06,11,2025,C179,P221,C Formulations,3,23.86,0.2,57.26
778,2025-11-06,11,2025,C179,P089,D3 Formulations,1,12.5,0.2,10.0
778,2025-11-06,11,2025,C179,P155,Minerals,2,29.08,0.2,46.53
778,2025-11-06,11,2025,C179,P027,Herbs,2,12.95,0.2,20.72
778,2025-11-06,11,2025,C179,P186,Minerals,3,18.73,0.2,44.95
779,2025-04-29,4,2025,C150,P193,Multiple Formulas,3,11.03,0.12,29.12
779,2025-04-29,4,2025,C150,P245,Essential Fatty Acids,3,8.01,0.12,21.15
779,2025-04-29,4,2025,C150,P071,B Formulations,2,16.13,0.12,28.39
780,2025-12-29,12,2025,C107,P162,Multiple Formulas,1,19.5,0.12,17.16
780,2025-12-29,12,2025,C107,P167,Nutritional Accessories,2,7.08,0.12,12.46
780,2025-12-29,12,2025,C107,P157,Essential Fatty Acids,1,15.8,0.12,13.9
780,2025-12-29,12,2025,C107,P131,D3 Formulations,10,22.15,0.12,194.92
780,2025-12-29,12,2025,C107,P136,Minerals,4,23.84,0.12,83.92
781,2025-07-20,7,2025,C022,P034,B Formulations,5,12.89,0.15,54.78
781,2025-07-20,7,2025,C022,P235,D3 Formulations,4,22.69,0.15,77.15
781,2025-07-20,7,2025,C022,P246,Herbs,3,8.92,0.15,22.75
781,2025-07-20,7,2025,C022,P233,D3 Formulations,2,22.99,0.15,39.08
781,2025-07-20,7,2025,C022,P116,D3 Formulations,10,33.27,0.15,282.8
781,2025-07-20,7,2025,C022,P042,Essential Fatty Acids,10,15.3,0.15,130.05
781,2025-07-20,7,2025,C022,P229,Multiple Formulas,2,10.73,0.15,18.24
781,2025-07-20,7,2025,C022,P223,Herbs,4,7.31,0.15,24.85
781,2025-07-20,7,2025,C022,P033,D3 Formulations,1,28.09,0.15,23.88
781,2025-07-20,7,2025,C022,P247,Multiple Formulas,1,6.53,0.15,5.55
782,2025-10-13,10,2025,C175,P114,Herbs,2,24.72,0.12,43.51
783,2025-05-27,5,2025,C127,P091,Nutritional Accessories,4,12.88,0.12,45.34
783,2025-05-27,5,2025,C127,P227,Minerals,3,30.84,0.12,81.42
784,2025-10-14,10,2025,C132,P192,C Formulations,1,17.86,0.12,15.72
784,2025-10-14,10,2025,C132,P014,C Formulations,10,16.55,0.12,145.64
784,2025-10-14,10,2025,C132,P233,D3 Formulations,3,22.99,0.12,60.69
785,2025-07-02,7,2025,C015,P249,Multiple Formulas,10,25.81,0.2,206.48
786,2025-08-05,8,2025,C083,P129,D3 Formulations,2,15.19,0.12,26.73
786,2025-08-05,8,2025,C083,P201,Essential Fatty Acids,5,27.4,0.12,120.56
787,2025-04-15,4,2025,C100,P097,B Formulations,2,22.48,0.15,38.22
787,2025-04-15,4,2025,C100,P124,Essential Fatty Acids,1,33.94,0.15,28.85
787,2025-04-15,4,2025,C100,P032,Multiple Formulas,2,25.49,0.15,43.33
787,2025-04-15,4,2025,C100,P157,Essential Fatty Acids,5,15.8,0.15,67.15
788,2025-01-20,1,2025,C162,P206,Minerals,1,16.32,0.15,13.87
788,2025-01-20,1,2025,C162,P106,B Formulations,2,29.05,0.15,49.38
788,2025-01-20,1,2025,C162,P032,Multiple Formulas,2,25.49,0.15,43.33
788,2025-01-20,1,2025,C162,P119,Nutritional Accessories,1,16.73,0.15,14.22
788,2025-01-20,1,2025,C162,P047,Nutritional Accessories,1,6.48,0.15,5.51
789,2025-03-26,3,2025,C027,P131,D3 Formulations,4,22.15,0.05,84.17
789,2025-03-26,3,2025,C027,P058,Multiple Formulas,1,32.82,0.05,31.18
789,2025-03-26,3,2025,C027,P127,B Formulations,2,17.17,0.05,32.62
790,2025-02-20,2,2025,C164,P052,Herbs,3,26.04,0.0,78.12
790,2025-02-20,2,2025,C164,P176,Herbs,1,7.5,0.0,7.5
790,2025-02-20,2,2025,C164,P108,D3 Formulations,4,22.73,0.0,90.92
790,2025-02-20,2,2025,C164,P054,D3 Formulations,1,33.17,0.0,33.17
791,2025-03-21,3,2025,C014,P248,Multiple Formulas,2,8.74,0.0,17.48
791,2025-03-21,3,2025,C014,P026,Herbs,6,32.34,0.0,194.04
791,2025-03-21,3,2025,C014,P124,Essential Fatty Acids,1,33.94,0.0,33.94
791,2025-03-21,3,2025,C014,P082,D3 Formulations,1,8.94,0.0,8.94
791,2025-03-21,3,2025,C014,P004,Essential Fatty Acids,3,6.2,0.0,18.6
792,2025-02-15,2,2025,C038,P047,Nutritional Accessories,1,6.48,0.2,5.18
792,2025-02-15,2,2025,C038,P087,Herbs,3,26.06,0.2,62.54
792,2025-02-15,2,2025,C038,P204,Multiple Formulas,5,18.17,0.2,72.68
792,2025-02-15,2,2025,C038,P104,D3 Formulations,2,31.87,0.2,50.99
792,2025-02-15,2,2025,C038,P044,Nutritional Accessories,1,7.18,0.2,5.74
793,2025-05-22,5,2025,C102,P133,Multiple Formulas,3,26.18,0.12,69.12
793,2025-05-22,5,2025,C102,P168,Essential Fatty Acids,6,29.86,0.12,157.66
793,2025-05-22,5,2025,C102,P062,Essential Fatty Acids,2,29.7,0.12,52.27
794,2025-06-25,6,2025,C160,P137,Multiple Formulas,1,34.71,0.05,32.97
794,2025-06-25,6,2025,C160,P016,Minerals,1,33.91,0.05,32.21
794,2025-06-25,6,2025,C160,P245,Essential Fatty Acids,2,8.01,0.05,15.22
795,2025-09-04,9,2025,C086,P044,Nutritional Accessories,2,7.18,0.0,14.36
795,2025-09-04,9,2025,C086,P228,Herbs,3,25.1,0.0,75.3
796,2025-11-17,11,2025,C157,P094,Herbs,3,24.84,0.12,65.58
797,2025-10-24,10,2025,C056,P041,C Formulations,5,30.22,0.1,135.99
797,2025-10-24,10,2025,C056,P115,Essential Fatty Acids,5,11.14,0.1,50.13
797,2025-10-24,10,2025,C056,P173,C Formulations,1,12.26,0.1,11.03
797,2025-10-24,10,2025,C056,P193,Multiple Formulas,2,11.03,0.1,19.85
798,2025-05-05,5,2025,C054,P057,Nutritional Accessories,6,9.29,0.12,49.05
798,2025-05-05,5,2025,C054,P241,B Formulations,1,17.2,0.12,15.14
798,2025-05-05,5,2025,C054,P023,B Formulations,5,20.58,0.12,90.55
798,2025-05-05,5,2025,C054,P005,C Formulations,3,20.81,0.12,54.94
798,2025-05-05,5,2025,C054,P113,Nutritional Accessories,1,6.71,0.12,5.9
798,2025-05-05,5,2025,C054,P203,Essential Fatty Acids,5,23.74,0.12,104.46
798,2025-05-05,5,2025,C054,P034,B Formulations,2,12.89,0.12,22.69
798,2025-05-05,5,2025,C054,P220,Essential Fatty Acids,1,17.56,0.12,15.45
799,2025-12-09,12,2025,C026,P041,C Formulations,5,30.22,0.15,128.44
799,2025-12-09,12,2025,C026,P167,Nutritional Accessories,3,7.08,0.15,18.05
799,2025-12-09,12,2025,C026,P232,D3 Formulations,5,6.77,0.15,28.77
799,2025-12-09,12,2025,C026,P062,Essential Fatty Acids,2,29.7,0.15,50.49
799,2025-12-09,12,2025,C026,P065,Essential Fatty Acids,1,13.01,0.15,11.06
799,2025-12-09,12,2025,C026,P104,D3 Formulations,2,31.87,0.15,54.18
799,2025-12-09,12,2025,C026,P068,Multiple Formulas,1,32.11,0.15,27.29
799,2025-12-09,12,2025,C026,P005,C Formulations,10,20.81,0.15,176.88
799,2025-12-09,12,2025,C026,P180,C Formulations,5,27.06,0.15,115.0
799,2025-12-09,12,2025,C026,P212,Essential Fatty Acids,1,30.81,0.15,26.19
800,2025-04-01,4,2025,C056,P052,Herbs,2,26.04,0.05,49.48
801,2025-06-20,6,2025,C006,P176,Herbs,1,7.5,0.05,7.12
801,2025-06-20,6,2025,C006,P148,C Formulations,1,31.15,0.05,29.59
801,2025-06-20,6,2025,C006,P053,C Formulations,6,17.22,0.05,98.15
802,2025-06-30,6,2025,C146,P117,Multiple Formulas,4,33.66,0.15,114.44
802,2025-06-30,6,2025,C146,P214,Essential Fatty Acids,2,19.75,0.15,33.57
802,2025-06-30,6,2025,C146,P088,Multiple Formulas,4,24.91,0.15,84.69
803,2025-12-25,12,2025,C142,P223,Herbs,2,7.31,0.12,12.87
803,2025-12-25,12,2025,C142,P194,Essential Fatty Acids,3,10.54,0.12,27.83
804,2025-08-05,8,2025,C021,P139,Essential Fatty Acids,5,21.03,0.1,94.64
804,2025-08-05,8,2025,C021,P005,C Formulations,1,20.81,0.1,18.73
805,2025-03-23,3,2025,C150,P138,Multiple Formulas,3,10.06,0.1,27.16
805,2025-03-23,3,2025,C150,P135,Essential Fatty Acids,1,8.82,0.1,7.94
805,2025-03-23,3,2025,C150,P062,Essential Fatty Acids,2,29.7,0.1,53.46
805,2025-03-23,3,2025,C150,P038,Multiple Formulas,4,24.37,0.1,87.73
806,2025-10-03,10,2025,C142,P085,Essential Fatty Acids,2,10.66,0.12,18.76
806,2025-10-03,10,2025,C142,P250,C Formulations,5,8.06,0.12,35.46
806,2025-10-03,10,2025,C142,P181,Minerals,2,34.3,0.12,60.37
807,2025-10-12,10,2025,C047,P121,Nutritional Accessories,1,32.92,0.05,31.27
807,2025-10-12,10,2025,C047,P135,Essential Fatty Acids,4,8.82,0.05,33.52
808,2025-08-23,8,2025,C161,P173,C Formulations,2,12.26,0.1,22.07
808,2025-08-23,8,2025,C161,P082,D3 Formulations,3,8.94,0.1,24.14
809,2025-05-17,5,2025,C126,P027,Herbs,2,12.95,0.0,25.9
809,2025-05-17,5,2025,C126,P077,D3 Formulations,2,8.44,0.0,16.88
809,2025-05-17,5,2025,C126,P057,Nutritional Accessories,1,9.29,0.0,9.29
810,2025-05-18,5,2025,C064,P074,B Formulations,3,31.73,0.05,90.43
811,2025-11-17,11,2025,C102,P045,D3 Formulations,3,23.14,0.05,65.95
811,2025-11-17,11,2025,C102,P232,D3 Formulations,6,6.77,0.05,38.59
811,2025-11-17,11,2025,C102,P027,Herbs,6,12.95,0.05,73.81
811,2025-11-17,11,2025,C102,P180,C Formulations,1,27.06,0.05,25.71
812,2025-06-05,6,2025,C158,P214,Essential Fatty Acids,1,19.75,0.05,18.76
812,2025-06-05,6,2025,C158,P045,D3 Formulations,1,23.14,0.05,21.98
812,2025-06-05,6,2025,C158,P012,Essential Fatty Acids,4,21.04,0.05,79.95
812,2025-06-05,6,2025,C158,P145,Nutritional Accessories,1,14.51,0.05,13.78
812,2025-06-05,6,2025,C158,P006,Nutritional Accessories,5,18.1,0.05,85.98
813,2025-04-12,4,2025,C095,P083,Minerals,6,25.24,0.05,143.87
813,2025-04-12,4,2025,C095,P237,Herbs,3,24.66,0.05,70.28
814,2025-03-31,3,2025,C086,P144,Nutritional Accessories,3,16.43,0.12,43.38
814,2025-03-31,3,2025,C086,P215,C Formulations,3,8.84,0.12,23.34
814,2025-03-31,3,2025,C086,P221,C Formulations,2,23.86,0.12,41.99
814,2025-03-31,3,2025,C086,P190,Herbs,6,30.24,0.12,159.67
815,2025-08-18,8,2025,C156,P215,C Formulations,2,8.84,0.12,15.56
815,2025-08-18,8,2025,C156,P016,Minerals,3,33.91,0.12,89.52
815,2025-08-18,8,2025,C156,P249,Multiple Formulas,3,25.81,0.12,68.14
815,2025-08-18,8,2025,C156,P231,Herbs,2,24.63,0.12,43.35
815,2025-08-18,8,2025,C156,P172,Minerals,5,28.33,0.12,124.65
816,2025-03-09,3,2025,C042,P032,Multiple Formulas,1,25.49,0.15,21.67
816,2025-03-09,3,2025,C042,P247,Multiple Formulas,2,6.53,0.15,11.1
816,2025-03-09,3,2025,C042,P235,D3 Formulations,4,22.69,0.15,77.15
816,2025-03-09,3,2025,C042,P060,Minerals,5,13.48,0.15,57.29
816,2025-03-09,3,2025,C042,P133,Multiple Formulas,2,26.18,0.15,44.51
817,2025-12-14,12,2025,C023,P199,Minerals,4,14.12,0.1,50.83
817,2025-12-14,12,2025,C023,P092,D3 Formulations,3,15.44,0.1,41.69
817,2025-12-14,12,2025,C023,P246,Herbs,1,8.92,0.1,8.03
817,2025-12-14,12,2025,C023,P248,Multiple Formulas,2,8.74,0.1,15.73
817,2025-12-14,12,2025,C023,P080,D3 Formulations,2,23.59,0.1,42.46
817,2025-12-14,12,2025,C023,P116,D3 Formulations,1,33.27,0.1,29.94
817,2025-12-14,12,2025,C023,P201,Essential Fatty Acids,6,27.4,0.1,147.96
817,2025-12-14,12,2025,C023,P171,Nutritional Accessories,2,21.15,0.1,38.07
818,2025-04-06,4,2025,C125,P007,Minerals,2,12.44,0.0,24.88
818,2025-04-06,4,2025,C125,P250,C Formulations,1,8.06,0.0,8.06
818,2025-04-06,4,2025,C125,P047,Nutritional Accessories,6,6.48,0.0,38.88
818,2025-04-06,4,2025,C125,P070,Herbs,1,15.83,0.0,15.83
818,2025-04-06,4,2025,C125,P124,Essential Fatty Acids,1,33.94,0.0,33.94
818,2025-04-06,4,2025,C125,P027,Herbs,1,12.95,0.0,12.95
818,2025-04-06,4,2025,C125,P074,B Formulations,4,31.73,0.0,126.92
818,2025-04-06,4,2025,C125,P215,C Formulations,2,8.84,0.0,17.68
819,2025-06-24,6,2025,C170,P035,Herbs,1,27.12,0.1,24.41
820,2025-10-02,10,2025,C152,P207,Nutritional Accessories,2,27.98,0.15,47.57
820,2025-10-02,10,2025,C152,P246,Herbs,2,8.92,0.15,15.16
820,2025-10-02,10,2025,C152,P120,Minerals,1,6.45,0.15,5.48
821,2025-05-28,5,2025,C142,P126,Nutritional Accessories,1,14.54,0.0,14.54
821,2025-05-28,5,2025,C142,P107,Herbs,2,20.58,0.0,41.16
821,2025-05-28,5,2025,C142,P055,Essential Fatty Acids,6,9.99,0.0,59.94
822,2025-12-03,12,2025,C085,P095,Herbs,1,30.63,0.12,26.95
822,2025-12-03,12,2025,C085,P108,D3 Formulations,5,22.73,0.12,100.01
822,2025-12-03,12,2025,C085,P029,Nutritional Accessories,1,20.19,0.12,17.77
823,2025-02-06,2,2025,C076,P055,Essential Fatty Acids,1,9.99,0.12,8.79
823,2025-02-06,2,2025,C076,P003,Minerals,4,30.96,0.12,108.98
823,2025-02-06,2,2025,C076,P227,Minerals,1,30.84,0.12,27.14
823,2025-02-06,2,2025,C076,P183,Herbs,2,15.37,0.12,27.05
824,2025-06-14,6,2025,C065,P196,B Formulations,2,21.93,0.1,39.47
824,2025-06-14,6,2025,C065,P060,Minerals,1,13.48,0.1,12.13
824,2025-06-14,6,2025,C065,P177,C Formulations,2,21.41,0.1,38.54
824,2025-06-14,6,2025,C065,P039,Multiple Formulas,4,21.54,0.1,77.54
824,2025-06-14,6,2025,C065,P165,B Formulations,2,23.13,0.1,41.63
824,2025-06-14,6,2025,C065,P185,Multiple Formulas,1,13.85,0.1,12.46
824,2025-06-14,6,2025,C065,P032,Multiple Formulas,1,25.49,0.1,22.94
824,2025-06-14,6,2025,C065,P178,C Formulations,1,21.68,0.1,19.51
825,2025-05-17,5,2025,C144,P187,B Formulations,2,8.28,0.1,14.9
825,2025-05-17,5,2025,C144,P006,Nutritional Accessories,2,18.1,0.1,32.58
826,2025-08-15,8,2025,C143,P092,D3 Formulations,3,15.44,0.05,44.0
826,2025-08-15,8,2025,C143,P115,Essential Fatty Acids,2,11.14,0.05,21.17
826,2025-08-15,8,2025,C143,P024,Nutritional Accessories,4,7.49,0.05,28.46
827,2025-06-06,6,2025,C176,P178,C Formulations,1,21.68,0.0,21.68
827,2025-06-06,6,2025,C176,P104,D3 Formulations,1,31.87,0.0,31.87
827,2025-06-06,6,2025,C176,P169,Essential Fatty Acids,6,16.45,0.0,98.7
827,2025-06-06,6,2025,C176,P172,Minerals,3,28.33,0.0,84.99
828,2025-01-21,1,2025,C043,P233,D3 Formulations,10,22.99,0.15,195.41
828,2025-01-21,1,2025,C043,P057,Nutritional Accessories,2,9.29,0.15,15.79
828,2025-01-21,1,2025,C043,P094,Herbs,1,24.84,0.15,21.11
828,2025-01-21,1,2025,C043,P187,B Formulations,4,8.28,0.15,28.15
829,2025-04-30,4,2025,C101,P186,Minerals,5,18.73,0.2,74.92
829,2025-04-30,4,2025,C101,P174,D3 Formulations,1,24.06,0.2,19.25
829,2025-04-30,4,2025,C101,P222,C Formulations,6,24.42,0.2,117.22
829,2025-04-30,4,2025,C101,P016,Minerals,6,33.91,0.2,162.77
830,2025-12-30,12,2025,C065,P163,Nutritional Accessories,6,21.74,0.05,123.92
830,2025-12-30,12,2025,C065,P172,Minerals,1,28.33,0.05,26.91
831,2025-02-21,2,2025,C128,P242,Essential Fatty Acids,4,33.87,0.1,121.93
831,2025-02-21,2,2025,C128,P184,C Formulations,2,29.06,0.1,52.31
831,2025-02-21,2,2025,C128,P228,Herbs,1,25.1,0.1,22.59
831,2025-02-21,2,2025,C128,P226,B Formulations,1,20.59,0.1,18.53
831,2025-02-21,2,2025,C128,P070,Herbs,2,15.83,0.1,28.49
831,2025-02-21,2,2025,C128,P229,Multiple Formulas,3,10.73,0.1,28.97
831,2025-02-21,2,2025,C128,P008,Minerals,2,9.48,0.1,17.06
831,2025-02-21,2,2025,C128,P040,C Formulations,3,8.62,0.1,23.27
832,2025-09-09,9,2025,C141,P099,Herbs,1,16.66,0.1,14.99
833,2025-08-04,8,2025,C009,P205,D3 Formulations,3,13.18,0.1,35.59
833,2025-08-04,8,2025,C009,P107,Herbs,1,20.58,0.1,18.52
834,2025-05-29,5,2025,C016,P139,Essential Fatty Acids,2,21.03,0.05,39.96
835,2025-07-17,7,2025,C038,P190,Herbs,2,30.24,0.1,54.43
835,2025-07-17,7,2025,C038,P083,Minerals,3,25.24,0.1,68.15
836,2025-10-27,10,2025,C057,P218,Minerals,5,11.02,0.2,44.08
836,2025-10-27,10,2025,C057,P233,D3 Formulations,4,22.99,0.2,73.57
836,2025-10-27,10,2025,C057,P021,Herbs,1,7.07,0.2,5.66
836,2025-10-27,10,2025,C057,P075,Minerals,2,28.62,0.2,45.79
837,2025-03-04,3,2025,C028,P047,Nutritional Accessories,1,6.48,0.1,5.83
837,2025-03-04,3,2025,C028,P167,Nutritional Accessories,3,7.08,0.1,19.12
837,2025-03-04,3,2025,C028,P248,Multiple Formulas,3,8.74,0.1,23.6
837,2025-03-04,3,2025,C028,P057,Nutritional Accessories,2,9.29,0.1,16.72
837,2025-03-04,3,2025,C028,P162,Multiple Formulas,6,19.5,0.1,105.3
837,2025-03-04,3,2025,C028,P063,Minerals,5,22.1,0.1,99.45
837,2025-03-04,3,2025,C028,P178,C Formulations,6,21.68,0.1,117.07
837,2025-03-04,3,2025,C028,P187,B Formulations,4,8.28,0.1,29.81
838,2025-11-14,11,2025,C157,P021,Herbs,6,7.07,0.12,37.33
838,2025-11-14,11,2025,C157,P209,Herbs,3,9.37,0.12,24.74
838,2025-11-14,11,2025,C157,P191,Essential Fatty Acids,6,26.18,0.12,138.23
839,2025-05-29,5,2025,C036,P033,D3 Formulations,1,28.09,0.0,28.09
839,2025-05-29,5,2025,C036,P161,Essential Fatty Acids,1,7.04,0.0,7.04
839,2025-05-29,5,2025,C036,P111,Nutritional Accessories,1,26.95,0.0,26.95
840,2025-12-27,12,2025,C115,P104,D3 Formulations,4,31.87,0.05,121.11
840,2025-12-27,12,2025,C115,P160,D3 Formulations,4,22.77,0.05,86.53
840,2025-12-27,12,2025,C115,P062,Essential Fatty Acids,3,29.7,0.05,84.64
841,2025-12-21,12,2025,C025,P172,Minerals,1,28.33,0.05,26.91
841,2025-12-21,12,2025,C025,P229,Multiple Formulas,1,10.73,0.05,10.19
841,2025-12-21,12,2025,C025,P029,Nutritional Accessories,2,20.19,0.05,38.36
841,2025-12-21,12,2025,C025,P152,C Formulations,2,29.15,0.05,55.38
841,2025-12-21,12,2025,C025,P165,B Formulations,2,23.13,0.05,43.95
841,2025-12-21,12,2025,C025,P039,Multiple Formulas,10,21.54,0.05,204.63
841,2025-12-21,12,2025,C025,P128,Multiple Formulas,2,30.68,0.05,58.29
841,2025-12-21,12,2025,C025,P182,Essential Fatty Acids,6,20.97,0.05,119.53
842,2025-07-29,7,2025,C111,P236,D3 Formulations,3,17.26,0.05,49.19
842,2025-07-29,7,2025,C111,P104,D3 Formulations,3,31.87,0.05,90.83
842,2025-07-29,7,2025,C111,P066,B Formulations,3,8.7,0.05,24.8
842,2025-07-29,7,2025,C111,P098,D3 Formulations,1,8.72,0.05,8.28
843,2025-01-14,1,2025,C081,P047,Nutritional Accessories,1,6.48,0.1,5.83
843,2025-01-14,1,2025,C081,P070,Herbs,2,15.83,0.1,28.49
844,2025-03-28,3,2025,C056,P164,D3 Formulations,1,14.31,0.12,12.59
844,2025-03-28,3,2025,C056,P188,Essential Fatty Acids,3,6.74,0.12,17.79
844,2025-03-28,3,2025,C056,P250,C Formulations,1,8.06,0.12,7.09
845,2025-08-01,8,2025,C061,P107,Herbs,1,20.58,0.05,19.55
845,2025-08-01,8,2025,C061,P071,B Formulations,3,16.13,0.05,45.97
845,2025-08-01,8,2025,C061,P210,Minerals,10,7.33,0.05,69.63
845,2025-08-01,8,2025,C061,P083,Minerals,1,25.24,0.05,23.98
845,2025-08-01,8,2025,C061,P046,D3 Formulations,5,25.65,0.05,121.84
845,2025-08-01,8,2025,C061,P168,Essential Fatty Acids,10,29.86,0.05,283.67
845,2025-08-01,8,2025,C061,P250,C Formulations,1,8.06,0.05,7.66
845,2025-08-01,8,2025,C061,P090,B Formulations,1,26.65,0.05,25.32
845,2025-08-01,8,2025,C061,P117,Multiple Formulas,1,33.66,0.05,31.98
845,2025-08-01,8,2025,C061,P016,Minerals,2,33.91,0.05,64.43
845,2025-08-01,8,2025,C061,P031,Minerals,1,13.02,0.05,12.37
845,2025-08-01,8,2025,C061,P148,C Formulations,6,31.15,0.05,177.55
845,2025-08-01,8,2025,C061,P085,Essential Fatty Acids,1,10.66,0.05,10.13
845,2025-08-01,8,2025,C061,P111,Nutritional Accessories,1,26.95,0.05,25.6
845,2025-08-01,8,2025,C061,P093,B Formulations,1,27.65,0.05,26.27
846,2025-08-29,8,2025,C010,P143,D3 Formulations,3,26.37,0.05,75.15
846,2025-08-29,8,2025,C010,P162,Multiple Formulas,1,19.5,0.05,18.52
846,2025-08-29,8,2025,C010,P089,D3 Formulations,4,12.5,0.05,47.5
846,2025-08-29,8,2025,C010,P191,Essential Fatty Acids,2,26.18,0.05,49.74
847,2025-10-21,10,2025,C151,P003,Minerals,1,30.96,0.12,27.24
847,2025-10-21,10,2025,C151,P224,D3 Formulations,1,16.86,0.12,14.84
848,2025-02-11,2,2025,C127,P125,Minerals,10,30.74,0.2,245.92
848,2025-02-11,2,2025,C127,P238,Herbs,1,19.29,0.2,15.43
849,2025-06-11,6,2025,C019,P236,D3 Formulations,1,17.26,0.05,16.4
849,2025-06-11,6,2025,C019,P216,Minerals,6,20.26,0.05,115.48
849,2025-06-11,6,2025,C019,P083,Minerals,3,25.24,0.05,71.93
849,2025-06-11,6,2025,C019,P039,Multiple Formulas,2,21.54,0.05,40.93
849,2025-06-11,6,2025,C019,P136,Minerals,5,23.84,0.05,113.24
850,2025-10-28,10,2025,C102,P203,Essential Fatty Acids,2,23.74,0.1,42.73
851,2025-06-18,6,2025,C100,P060,Minerals,2,13.48,0.2,21.57
851,2025-06-18,6,2025,C100,P182,Essential Fatty Acids,1,20.97,0.2,16.78
852,2025-03-22,3,2025,C055,P111,Nutritional Accessories,1,26.95,0.12,23.72
852,2025-03-22,3,2025,C055,P198,D3 Formulations,1,25.15,0.12,22.13
852,2025-03-22,3,2025,C055,P183,Herbs,6,15.37,0.12,81.15
852,2025-03-22,3,2025,C055,P035,Herbs,6,27.12,0.12,143.19
852,2025-03-22,3,2025,C055,P012,Essential Fatty Acids,1,21.04,0.12,18.52
852,2025-03-22,3,2025,C055,P207,Nutritional Accessories,6,27.98,0.12,147.73
852,2025-03-22,3,2025,C055,P124,Essential Fatty Acids,2,33.94,0.12,59.73
852,2025-03-22,3,2025,C055,P065,Essential Fatty Acids,2,13.01,0.12,22.9
852,2025-03-22,3,2025,C055,P236,D3 Formulations,3,17.26,0.12,45.57
852,2025-03-22,3,2025,C055,P127,B Formulations,4,17.17,0.12,60.44
853,2025-04-20,4,2025,C154,P040,C Formulations,1,8.62,0.15,7.33
853,2025-04-20,4,2025,C154,P213,Minerals,5,26.41,0.15,112.24
854,2025-10-09,10,2025,C176,P068,Multiple Formulas,3,32.11,0.1,86.7
854,2025-10-09,10,2025,C176,P217,D3 Formulations,2,19.73,0.1,35.51
855,2025-01-22,1,2025,C047,P234,D3 Formulations,1,33.27,0.05,31.61
855,2025-01-22,1,2025,C047,P243,D3 Formulations,3,32.26,0.05,91.94
855,2025-01-22,1,2025,C047,P179,Multiple Formulas,1,24.49,0.05,23.27
855,2025-01-22,1,2025,C047,P147,C Formulations,10,29.49,0.05,280.15
855,2025-01-22,1,2025,C047,P055,Essential Fatty Acids,1,9.99,0.05,9.49
855,2025-01-22,1,2025,C047,P007,Minerals,2,12.44,0.05,23.64
855,2025-01-22,1,2025,C047,P048,Essential Fatty Acids,2,20.85,0.05,39.62
855,2025-01-22,1,2025,C047,P219,Nutritional Accessories,1,18.58,0.05,17.65
856,2025-06-13,6,2025,C033,P036,Minerals,6,16.67,0.12,88.02
856,2025-06-13,6,2025,C033,P182,Essential Fatty Acids,10,20.97,0.12,184.54
856,2025-06-13,6,2025,C033,P220,Essential Fatty Acids,2,17.56,0.12,30.91
856,2025-06-13,6,2025,C033,P217,D3 Formulations,4,19.73,0.12,69.45
857,2025-06-17,6,2025,C109,P101,Essential Fatty Acids,2,13.08,0.1,23.54
857,2025-06-17,6,2025,C109,P066,B Formulations,3,8.7,0.1,23.49
858,2025-01-14,1,2025,C054,P145,Nutritional Accessories,1,14.51,0.1,13.06
859,2025-10-03,10,2025,C052,P015,Nutritional Accessories,1,34.18,0.1,30.76
859,2025-10-03,10,2025,C052,P126,Nutritional Accessories,2,14.54,0.1,26.17
859,2025-10-03,10,2025,C052,P125,Minerals,1,30.74,0.1,27.67
859,2025-10-03,10,2025,C052,P113,Nutritional Accessories,3,6.71,0.1,18.12
860,2025-12-24,12,2025,C025,P052,Herbs,5,26.04,0.0,130.2
861,2025-05-31,5,2025,C076,P240,Nutritional Accessories,3,33.3,0.1,89.91
861,2025-05-31,5,2025,C076,P008,Minerals,3,9.48,0.1,25.6
861,2025-05-31,5,2025,C076,P197,B Formulations,1,26.72,0.1,24.05
861,2025-05-31,5,2025,C076,P007,Minerals,2,12.44,0.1,22.39
861,2025-05-31,5,2025,C076,P148,C Formulations,1,31.15,0.1,28.04
861,2025-05-31,5,2025,C076,P185,Multiple Formulas,1,13.85,0.1,12.46
861,2025-05-31,5,2025,C076,P158,B Formulations,1,16.89,0.1,15.2
861,2025-05-31,5,2025,C076,P073,Multiple Formulas,2,32.02,0.1,57.64
861,2025-05-31,5,2025,C076,P036,Minerals,2,16.67,0.1,30.01
861,2025-05-31,5,2025,C076,P180,C Formulations,4,27.06,0.1,97.42
861,2025-05-31,5,2025,C076,P066,B Formulations,1,8.7,0.1,7.83
861,2025-05-31,5,2025,C076,P214,Essential Fatty Acids,1,19.75,0.1,17.78
861,2025-05-31,5,2025,C076,P179,Multiple Formulas,6,24.49,0.1,132.25
861,2025-05-31,5,2025,C076,P125,Minerals,1,30.74,0.1,27.67
861,2025-05-31,5,2025,C076,P045,D3 Formulations,1,23.14,0.1,20.83
862,2025-04-22,4,2025,C176,P186,Minerals,1,18.73,0.0,18.73
862,2025-04-22,4,2025,C176,P083,Minerals,6,25.24,0.0,151.44
862,2025-04-22,4,2025,C176,P143,D3 Formulations,1,26.37,0.0,26.37
862,2025-04-22,4,2025,C176,P081,Essential Fatty Acids,6,6.27,0.0,37.62
862,2025-04-22,4,2025,C176,P059,C Formulations,3,31.44,0.0,94.32
862,2025-04-22,4,2025,C176,P049,Herbs,2,12.57,0.0,25.14
862,2025-04-22,4,2025,C176,P132,Minerals,2,33.15,0.0,66.3
862,2025-04-22,4,2025,C176,P079,Essential Fatty Acids,1,32.06,0.0,32.06
862,2025-04-22,4,2025,C176,P240,Nutritional Accessories,1,33.3,0.0,33.3
862,2025-04-22,4,2025,C176,P236,D3 Formulations,3,17.26,0.0,51.78
863,2025-08-24,8,2025,C047,P018,Nutritional Accessories,3,20.42,0.2,49.01
863,2025-08-24,8,2025,C047,P054,D3 Formulations,4,33.17,0.2,106.14
864,2025-07-10,7,2025,C157,P097,B Formulations,2,22.48,0.15,38.22
864,2025-07-10,7,2025,C157,P153,Multiple Formulas,1,24.85,0.15,21.12
864,2025-07-10,7,2025,C157,P076,B Formulations,3,24.62,0.15,62.78
864,2025-07-10,7,2025,C157,P186,Minerals,3,18.73,0.15,47.76
865,2025-06-16,6,2025,C132,P149,Multiple Formulas,2,32.48,0.15,55.22
865,2025-06-16,6,2025,C132,P023,B Formulations,2,20.58,0.15,34.99
865,2025-06-16,6,2025,C132,P162,Multiple Formulas,1,19.5,0.15,16.58
866,2025-08-11,8,2025,C176,P161,Essential Fatty Acids,3,7.04,0.2,16.9
867,2025-12-05,12,2025,C048,P064,Multiple Formulas,4,21.36,0.15,72.62
867,2025-12-05,12,2025,C048,P238,Herbs,1,19.29,0.15,16.4
867,2025-12-05,12,2025,C048,P079,Essential Fatty Acids,2,32.06,0.15,54.5
867,2025-12-05,12,2025,C048,P141,Nutritional Accessories,3,27.48,0.15,70.07
867,2025-12-05,12,2025,C048,P054,D3 Formulations,1,33.17,0.15,28.19
867,2025-12-05,12,2025,C048,P014,C Formulations,2,16.55,0.15,28.14
867,2025-12-05,12,2025,C048,P202,Nutritional Accessories,3,22.08,0.15,56.3
867,2025-12-05,12,2025,C048,P162,Multiple Formulas,1,19.5,0.15,16.58
868,2025-10-20,10,2025,C074,P246,Herbs,4,8.92,0.2,28.54
868,2025-10-20,10,2025,C074,P138,Multiple Formulas,2,10.06,0.2,16.1
868,2025-10-20,10,2025,C074,P176,Herbs,2,7.5,0.2,12.0
868,2025-10-20,10,2025,C074,P046,D3 Formulations,10,25.65,0.2,205.2
868,2025-10-20,10,2025,C074,P182,Essential Fatty Acids,1,20.97,0.2,16.78
868,2025-10-20,10,2025,C074,P070,Herbs,4,15.83,0.2,50.66
868,2025-10-20,10,2025,C074,P069,D3 Formulations,3,24.36,0.2,58.46
868,2025-10-20,10,2025,C074,P160,D3 Formulations,2,22.77,0.2,36.43
868,2025-10-20,10,2025,C074,P088,Multiple Formulas,10,24.91,0.2,199.28
868,2025-10-20,10,2025,C074,P011,C Formulations,1,15.37,0.2,12.3
869,2025-06-05,6,2025,C119,P086,C Formulations,10,21.91,0.15,186.24
869,2025-06-05,6,2025,C119,P186,Minerals,1,18.73,0.15,15.92
869,2025-06-05,6,2025,C119,P141,Nutritional Accessories,3,27.48,0.15,70.07
869,2025-06-05,6,2025,C119,P146,Essential Fatty Acids,1,29.47,0.15,25.05
870,2025-07-21,7,2025,C138,P186,Minerals,3,18.73,0.1,50.57
870,2025-07-21,7,2025,C138,P020,C Formulations,1,14.26,0.1,12.83
871,2025-08-29,8,2025,C100,P109,Herbs,5,20.28,0.12,89.23
871,2025-08-29,8,2025,C100,P100,Minerals,1,13.69,0.12,12.05
872,2025-11-29,11,2025,C147,P143,D3 Formulations,1,26.37,0.05,25.05
872,2025-11-29,11,2025,C147,P248,Multiple Formulas,1,8.74,0.05,8.3
872,2025-11-29,11,2025,C147,P136,Minerals,10,23.84,0.05,226.48
872,2025-11-29,11,2025,C147,P124,Essential Fatty Acids,1,33.94,0.05,32.24
872,2025-11-29,11,2025,C147,P127,B Formulations,4,17.17,0.05,65.25
872,2025-11-29,11,2025,C147,P093,B Formulations,4,27.65,0.05,105.07
872,2025-11-29,11,2025,C147,P053,C Formulations,4,17.22,0.05,65.44
872,2025-11-29,11,2025,C147,P088,Multiple Formulas,1,24.91,0.05,23.66
872,2025-11-29,11,2025,C147,P048,Essential Fatty Acids,2,20.85,0.05,39.62
872,2025-11-29,11,2025,C147,P071,B Formulations,10,16.13,0.05,153.23
872,2025-11-29,11,2025,C147,P001,Essential Fatty Acids,6,18.39,0.05,104.82
872,2025-11-29,11,2025,C147,P240,Nutritional Accessories,1,33.3,0.05,31.63
872,2025-11-29,11,2025,C147,P188,Essential Fatty Acids,10,6.74,0.05,64.03
872,2025-11-29,11,2025,C147,P056,D3 Formulations,6,15.89,0.05,90.57
872,2025-11-29,11,2025,C147,P231,Herbs,3,24.63,0.05,70.2
873,2025-01-20,1,2025,C018,P126,Nutritional Accessories,2,14.54,0.12,25.59
873,2025-01-20,1,2025,C018,P106,B Formulations,1,29.05,0.12,25.56
873,2025-01-20,1,2025,C018,P100,Minerals,3,13.69,0.12,36.14
873,2025-01-20,1,2025,C018,P066,B Formulations,3,8.7,0.12,22.97
873,2025-01-20,1,2025,C018,P057,Nutritional Accessories,1,9.29,0.12,8.18
874,2025-03-13,3,2025,C174,P113,Nutritional Accessories,2,6.71,0.15,11.41
874,2025-03-13,3,2025,C174,P053,C Formulations,1,17.22,0.15,14.64
874,2025-03-13,3,2025,C174,P054,D3 Formulations,1,33.17,0.15,28.19
874,2025-03-13,3,2025,C174,P084,Nutritional Accessories,1,6.15,0.15,5.23
874,2025-03-13,3,2025,C174,P017,D3 Formulations,1,13.3,0.15,11.3
875,2025-11-18,11,2025,C089,P181,Minerals,10,34.3,0.1,308.7
875,2025-11-18,11,2025,C089,P183,Herbs,2,15.37,0.1,27.67
876,2025-09-05,9,2025,C021,P027,Herbs,6,12.95,0.1,69.93
876,2025-09-05,9,2025,C021,P054,D3 Formulations,2,33.17,0.1,59.71
876,2025-09-05,9,2025,C021,P089,D3 Formulations,2,12.5,0.1,22.5
876,2025-09-05,9,2025,C021,P087,Herbs,4,26.06,0.1,93.82
877,2025-04-14,4,2025,C176,P122,Minerals,1,18.42,0.12,16.21
877,2025-04-14,4,2025,C176,P154,C Formulations,1,26.36,0.12,23.2
877,2025-04-14,4,2025,C176,P140,Multiple Formulas,1,31.44,0.12,27.67
877,2025-04-14,4,2025,C176,P168,Essential Fatty Acids,2,29.86,0.12,52.55
877,2025-04-14,4,2025,C176,P120,Minerals,2,6.45,0.12,11.35
877,2025-04-14,4,2025,C176,P095,Herbs,1,30.63,0.12,26.95
877,2025-04-14,4,2025,C176,P204,Multiple Formulas,1,18.17,0.12,15.99
877,2025-04-14,4,2025,C176,P099,Herbs,2,16.66,0.12,29.32
877,2025-04-14,4,2025,C176,P158,B Formulations,1,16.89,0.12,14.86
877,2025-04-14,4,2025,C176,P075,Minerals,3,28.62,0.12,75.56
877,2025-04-14,4,2025,C176,P082,D3 Formulations,2,8.94,0.12,15.73
877,2025-04-14,4,2025,C176,P222,C Formulations,2,24.42,0.12,42.98
877,2025-04-14,4,2025,C176,P029,Nutritional Accessories,3,20.19,0.12,53.3
877,2025-04-14,4,2025,C176,P186,Minerals,2,18.73,0.12,32.96
877,2025-04-14,4,2025,C176,P136,Minerals,2,23.84,0.12,41.96
878,2025-06-07,6,2025,C006,P175,Nutritional Accessories,2,8.48,0.12,14.92
878,2025-06-07,6,2025,C006,P115,Essential Fatty Acids,6,11.14,0.12,58.82
878,2025-06-07,6,2025,C006,P059,C Formulations,3,31.44,0.12,83.0
878,2025-06-07,6,2025,C006,P187,B Formulations,5,8.28,0.12,36.43
878,2025-06-07,6,2025,C006,P241,B Formulations,2,17.2,0.12,30.27
878,2025-06-07,6,2025,C006,P179,Multiple Formulas,2,24.49,0.12,43.1
878,2025-06-07,6,2025,C006,P039,Multiple Formulas,10,21.54,0.12,189.55
878,2025-06-07,6,2025,C006,P134,Minerals,4,22.53,0.12,79.31
878,2025-06-07,6,2025,C006,P172,Minerals,2,28.33,0.12,49.86
878,2025-06-07,6,2025,C006,P003,Minerals,5,30.96,0.12,136.22
879,2025-12-08,12,2025,C104,P210,Minerals,2,7.33,0.15,12.46
879,2025-12-08,12,2025,C104,P212,Essential Fatty Acids,5,30.81,0.15,130.94
880,2025-12-02,12,2025,C073,P093,B Formulations,1,27.65,0.12,24.33
880,2025-12-02,12,2025,C073,P186,Minerals,2,18.73,0.12,32.96
880,2025-12-02,12,2025,C073,P246,Herbs,1,8.92,0.12,7.85
881,2025-05-27,5,2025,C018,P121,Nutritional Accessories,3,32.92,0.0,98.76
882,2025-11-21,11,2025,C109,P181,Minerals,1,34.3,0.12,30.18
883,2025-04-11,4,2025,C067,P226,B Formulations,2,20.59,0.2,32.94
883,2025-04-11,4,2025,C067,P158,B Formulations,4,16.89,0.2,54.05
883,2025-04-11,4,2025,C067,P151,C Formulations,6,20.54,0.2,98.59
883,2025-04-11,4,2025,C067,P079,Essential Fatty Acids,4,32.06,0.2,102.59
883,2025-04-11,4,2025,C067,P067,D3 Formulations,1,32.02,0.2,25.62
883,2025-04-11,4,2025,C067,P233,D3 Formulations,2,22.99,0.2,36.78
883,2025-04-11,4,2025,C067,P015,Nutritional Accessories,1,34.18,0.2,27.34
883,2025-04-11,4,2025,C067,P113,Nutritional Accessories,1,6.71,0.2,5.37
884,2025-09-09,9,2025,C038,P096,Herbs,1,25.07,0.15,21.31
884,2025-09-09,9,2025,C038,P132,Minerals,6,33.15,0.15,169.06
885,2025-06-12,6,2025,C033,P064,Multiple Formulas,2,21.36,0.0,42.72
885,2025-06-12,6,2025,C033,P120,Minerals,3,6.45,0.0,19.35
885,2025-06-12,6,2025,C033,P076,B Formulations,4,24.62,0.0,98.48
885,2025-06-12,6,2025,C033,P135,Essential Fatty Acids,3,8.82,0.0,26.46
885,2025-06-12,6,2025,C033,P177,C Formulations,5,21.41,0.0,107.05
885,2025-06-12,6,2025,C033,P047,Nutritional Accessories,1,6.48,0.0,6.48
885,2025-06-12,6,2025,C033,P094,Herbs,2,24.84,0.0,49.68
885,2025-06-12,6,2025,C033,P191,Essential Fatty Acids,2,26.18,0.0,52.36
886,2025-09-30,9,2025,C044,P178,C Formulations,1,21.68,0.0,21.68
887,2025-04-17,4,2025,C068,P188,Essential Fatty Acids,10,6.74,0.05,64.03
887,2025-04-17,4,2025,C068,P176,Herbs,2,7.5,0.05,14.25
887,2025-04-17,4,2025,C068,P205,D3 Formulations,3,13.18,0.05,37.56
887,2025-04-17,4,2025,C068,P052,Herbs,3,26.04,0.05,74.21
887,2025-04-17,4,2025,C068,P223,Herbs,4,7.31,0.05,27.78
887,2025-04-17,4,2025,C068,P095,Herbs,1,30.63,0.05,29.1
887,2025-04-17,4,2025,C068,P221,C Formulations,1,23.86,0.05,22.67
887,2025-04-17,4,2025,C068,P018,Nutritional Accessories,3,20.42,0.05,58.2
887,2025-04-17,4,2025,C068,P158,B Formulations,2,16.89,0.05,32.09
887,2025-04-17,4,2025,C068,P167,Nutritional Accessories,6,7.08,0.05,40.36
888,2025-02-17,2,2025,C060,P113,Nutritional Accessories,4,6.71,0.12,23.62
888,2025-02-17,2,2025,C060,P220,Essential Fatty Acids,5,17.56,0.12,77.26
888,2025-02-17,2,2025,C060,P174,D3 Formulations,1,24.06,0.12,21.17
888,2025-02-17,2,2025,C060,P104,D3 Formulations,2,31.87,0.12,56.09
888,2025-02-17,2,2025,C060,P003,Minerals,5,30.96,0.12,136.22
888,2025-02-17,2,2025,C060,P093,B Formulations,4,27.65,0.12,97.33
888,2025-02-17,2,2025,C060,P160,D3 Formulations,1,22.77,0.12,20.04
888,2025-02-17,2,2025,C060,P027,Herbs,6,12.95,0.12,68.38
889,2025-03-19,3,2025,C101,P039,Multiple Formulas,3,21.54,0.15,54.93
889,2025-03-19,3,2025,C101,P028,B Formulations,2,10.2,0.15,17.34
889,2025-03-19,3,2025,C101,P036,Minerals,1,16.67,0.15,14.17
889,2025-03-19,3,2025,C101,P164,D3 Formulations,1,14.31,0.15,12.16
890,2025-08-09,8,2025,C161,P184,C Formulations,1,29.06,0.12,25.57
891,2025-12-26,12,2025,C032,P207,Nutritional Accessories,5,27.98,0.0,139.9
891,2025-12-26,12,2025,C032,P104,D3 Formulations,5,31.87,0.0,159.35
892,2025-06-07,6,2025,C045,P112,Essential Fatty Acids,5,14.14,0.12,62.22
892,2025-06-07,6,2025,C045,P196,B Formulations,1,21.93,0.12,19.3
892,2025-06-07,6,2025,C045,P001,Essential Fatty Acids,1,18.39,0.12,16.18
893,2025-07-23,7,2025,C120,P111,Nutritional Accessories,2,26.95,0.1,48.51
893,2025-07-23,7,2025,C120,P094,Herbs,1,24.84,0.1,22.36
894,2025-06-28,6,2025,C179,P249,Multiple Formulas,2,25.81,0.15,43.88
894,2025-06-28,6,2025,C179,P116,D3 Formulations,4,33.27,0.15,113.12
895,2025-03-18,3,2025,C118,P102,B Formulations,2,34.22,0.2,54.75
896,2025-06-01,6,2025,C114,P150,Nutritional Accessories,3,20.83,0.0,62.49
896,2025-06-01,6,2025,C114,P072,B Formulations,3,27.05,0.0,81.15
897,2025-05-01,5,2025,C178,P134,Minerals,1,22.53,0.1,20.28
897,2025-05-01,5,2025,C178,P029,Nutritional Accessories,2,20.19,0.1,36.34
897,2025-05-01,5,2025,C178,P142,Multiple Formulas,2,26.21,0.1,47.18
898,2025-12-19,12,2025,C157,P244,Multiple Formulas,2,11.68,0.12,20.56
898,2025-12-19,12,2025,C157,P164,D3 Formulations,5,14.31,0.12,62.96
898,2025-12-19,12,2025,C157,P229,Multiple Formulas,1,10.73,0.12,9.44
898,2025-12-19,12,2025,C157,P112,Essential Fatty Acids,2,14.14,0.12,24.89
898,2025-12-19,12,2025,C157,P236,D3 Formulations,4,17.26,0.12,60.76
899,2025-02-10,2,2025,C170,P197,B Formulations,4,26.72,0.1,96.19
899,2025-02-10,2,2025,C170,P115,Essential Fatty Acids,5,11.14,0.1,50.13
900,2025-08-27,8,2025,C164,P225,B Formulations,1,24.15,0.12,21.25
900,2025-08-27,8,2025,C164,P076,B Formulations,3,24.62,0.12,65.0
900,2025-08-27,8,2025,C164,P072,B Formulations,3,27.05,0.12,71.41
900,2025-08-27,8,2025,C164,P009,Essential Fatty Acids,4,15.79,0.12,55.58
900,2025-08-27,8,2025,C164,P033,D3 Formulations,3,28.09,0.12,74.16
900,2025-08-27,8,2025,C164,P023,B Formulations,3,20.58,0.12,54.33
900,2025-08-27,8,2025,C164,P143,D3 Formulations,4,26.37,0.12,92.82
900,2025-08-27,8,2025,C164,P183,Herbs,3,15.37,0.12,40.58
901,2025-10-17,10,2025,C026,P180,C Formulations,3,27.06,0.2,64.94
902,2025-01-30,1,2025,C137,P006,Nutritional Accessories,2,18.1,0.1,32.58
902,2025-01-30,1,2025,C137,P067,D3 Formulations,2,32.02,0.1,57.64
902,2025-01-30,1,2025,C137,P073,Multiple Formulas,3,32.02,0.1,86.45
902,2025-01-30,1,2025,C137,P153,Multiple Formulas,1,24.85,0.1,22.36
903,2025-12-19,12,2025,C128,P185,Multiple Formulas,1,13.85,0.0,13.85
903,2025-12-19,12,2025,C128,P204,Multiple Formulas,5,18.17,0.0,90.85
904,2025-04-19,4,2025,C028,P208,D3 Formulations,4,6.42,0.0,25.68
904,2025-04-19,4,2025,C028,P028,B Formulations,2,10.2,0.0,20.4
904,2025-04-19,4,2025,C028,P220,Essential Fatty Acids,3,17.56,0.0,52.68
904,2025-04-19,4,2025,C028,P111,Nutritional Accessories,5,26.95,0.0,134.75
905,2025-09-24,9,2025,C006,P058,Multiple Formulas,2,32.82,0.12,57.76
905,2025-09-24,9,2025,C006,P110,Essential Fatty Acids,2,11.66,0.12,20.52
905,2025-09-24,9,2025,C006,P156,B Formulations,5,31.81,0.12,139.96
905,2025-09-24,9,2025,C006,P114,Herbs,2,24.72,0.12,43.51
905,2025-09-24,9,2025,C006,P002,D3 Formulations,3,29.72,0.12,78.46
905,2025-09-24,9,2025,C006,P007,Minerals,5,12.44,0.12,54.74
905,2025-09-24,9,2025,C006,P045,D3 Formulations,3,23.14,0.12,61.09
905,2025-09-24,9,2025,C006,P001,Essential Fatty Acids,3,18.39,0.12,48.55
906,2025-02-21,2,2025,C061,P054,D3 Formulations,2,33.17,0.05,63.02
906,2025-02-21,2,2025,C061,P241,B Formulations,4,17.2,0.05,65.36
906,2025-02-21,2,2025,C061,P159,Multiple Formulas,1,8.73,0.05,8.29
906,2025-02-21,2,2025,C061,P025,D3 Formulations,4,14.08,0.05,53.5
907,2025-05-23,5,2025,C092,P009,Essential Fatty Acids,3,15.79,0.12,41.69
907,2025-05-23,5,2025,C092,P053,C Formulations,2,17.22,0.12,30.31
908,2025-09-03,9,2025,C064,P190,Herbs,1,30.24,0.1,27.22
909,2025-08-20,8,2025,C042,P061,C Formulations,3,25.14,0.05,71.65
909,2025-08-20,8,2025,C042,P180,C Formulations,10,27.06,0.05,257.07
909,2025-08-20,8,2025,C042,P046,D3 Formulations,3,25.65,0.05,73.1
909,2025-08-20,8,2025,C042,P238,Herbs,2,19.29,0.05,36.65
909,2025-08-20,8,2025,C042,P081,Essential Fatty Acids,1,6.27,0.05,5.96
910,2025-09-02,9,2025,C095,P186,Minerals,1,18.73,0.0,18.73
910,2025-09-02,9,2025,C095,P225,B Formulations,4,24.15,0.0,96.6
911,2025-03-25,3,2025,C029,P130,D3 Formulations,3,10.92,0.12,28.83
912,2025-09-22,9,2025,C103,P155,Minerals,1,29.08,0.0,29.08
912,2025-09-22,9,2025,C103,P245,Essential Fatty Acids,1,8.01,0.0,8.01
913,2025-04-05,4,2025,C058,P236,D3 Formulations,3,17.26,0.12,45.57
913,2025-04-05,4,2025,C058,P078,D3 Formulations,2,10.69,0.12,18.81
913,2025-04-05,4,2025,C058,P164,D3 Formulations,4,14.31,0.12,50.37
913,2025-04-05,4,2025,C058,P121,Nutritional Accessories,1,32.92,0.12,28.97
913,2025-04-05,4,2025,C058,P228,Herbs,1,25.1,0.12,22.09
913,2025-04-05,4,2025,C058,P042,Essential Fatty Acids,2,15.3,0.12,26.93
913,2025-04-05,4,2025,C058,P004,Essential Fatty Acids,1,6.2,0.12,5.46
913,2025-04-05,4,2025,C058,P216,Minerals,3,20.26,0.12,53.49
914,2025-07-05,7,2025,C137,P215,C Formulations,2,8.84,0.12,15.56
914,2025-07-05,7,2025,C137,P056,D3 Formulations,1,15.89,0.12,13.98
914,2025-07-05,7,2025,C137,P075,Minerals,4,28.62,0.12,100.74
914,2025-07-05,7,2025,C137,P173,C Formulations,5,12.26,0.12,53.94
914,2025-07-05,7,2025,C137,P158,B Formulations,2,16.89,0.12,29.73
914,2025-07-05,7,2025,C137,P094,Herbs,1,24.84,0.12,21.86
914,2025-07-05,7,2025,C137,P042,Essential Fatty Acids,1,15.3,0.12,13.46
914,2025-07-05,7,2025,C137,P230,Minerals,4,8.05,0.12,28.34
915,2025-10-30,10,2025,C081,P007,Minerals,5,12.44,0.05,59.09
915,2025-10-30,10,2025,C081,P121,Nutritional Accessories,3,32.92,0.05,93.82
916,2025-09-21,9,2025,C022,P215,C Formulations,1,8.84,0.2,7.07
916,2025-09-21,9,2025,C022,P138,Multiple Formulas,2,10.06,0.2,16.1
916,2025-09-21,9,2025,C022,P191,Essential Fatty Acids,1,26.18,0.2,20.94
917,2025-07-25,7,2025,C172,P146,Essential Fatty Acids,2,29.47,0.05,55.99
918,2025-10-13,10,2025,C101,P079,Essential Fatty Acids,4,32.06,0.12,112.85
918,2025-10-13,10,2025,C101,P044,Nutritional Accessories,2,7.18,0.12,12.64
918,2025-10-13,10,2025,C101,P023,B Formulations,3,20.58,0.12,54.33
918,2025-10-13,10,2025,C101,P116,D3 Formulations,1,33.27,0.12,29.28
919,2025-05-07,5,2025,C164,P250,C Formulations,4,8.06,0.05,30.63
919,2025-05-07,5,2025,C164,P076,B Formulations,1,24.62,0.05,23.39
919,2025-05-07,5,2025,C164,P029,Nutritional Accessories,1,20.19,0.05,19.18
919,2025-05-07,5,2025,C164,P045,D3 Formulations,4,23.14,0.05,87.93
920,2025-04-17,4,2025,C120,P192,C Formulations,10,17.86,0.05,169.67
920,2025-04-17,4,2025,C120,P147,C Formulations,2,29.49,0.05,56.03
920,2025-04-17,4,2025,C120,P189,Essential Fatty Acids,1,33.92,0.05,32.22
920,2025-04-17,4,2025,C120,P140,Multiple Formulas,3,31.44,0.05,89.6
921,2025-03-22,3,2025,C140,P181,Minerals,3,34.3,0.12,90.55
921,2025-03-22,3,2025,C140,P013,C Formulations,1,26.39,0.12,23.22
921,2025-03-22,3,2025,C140,P212,Essential Fatty Acids,5,30.81,0.12,135.56
921,2025-03-22,3,2025,C140,P167,Nutritional Accessories,3,7.08,0.12,18.69
921,2025-03-22,3,2025,C140,P239,C Formulations,10,21.82,0.12,192.02
921,2025-03-22,3,2025,C140,P108,D3 Formulations,6,22.73,0.12,120.01
921,2025-03-22,3,2025,C140,P213,Minerals,2,26.41,0.12,46.48
921,2025-03-22,3,2025,C140,P111,Nutritional Accessories,1,26.95,0.12,23.72
921,2025-03-22,3,2025,C140,P145,Nutritional Accessories,3,14.51,0.12,38.31
921,2025-03-22,3,2025,C140,P107,Herbs,1,20.58,0.12,18.11
922,2025-02-09,2,2025,C049,P153,Multiple Formulas,5,24.85,0.15,105.61
922,2025-02-09,2,2025,C049,P094,Herbs,3,24.84,0.15,63.34
922,2025-02-09,2,2025,C049,P197,B Formulations,5,26.72,0.15,113.56
923,2025-08-20,8,2025,C034,P120,Minerals,1,6.45,0.2,5.16
923,2025-08-20,8,2025,C034,P071,B Formulations,1,16.13,0.2,12.9
924,2025-12-09,12,2025,C140,P240,Nutritional Accessories,1,33.3,0.12,29.3
924,2025-12-09,12,2025,C140,P231,Herbs,3,24.63,0.12,65.02
924,2025-12-09,12,2025,C140,P136,Minerals,2,23.84,0.12,41.96
924,2025-12-09,12,2025,C140,P019,Nutritional Accessories,2,14.73,0.12,25.92
924,2025-12-09,12,2025,C140,P127,B Formulations,1,17.17,0.12,15.11
924,2025-12-09,12,2025,C140,P142,Multiple Formulas,3,26.21,0.12,69.19
924,2025-12-09,12,2025,C140,P148,C Formulations,10,31.15,0.12,274.12
924,2025-12-09,12,2025,C140,P088,Multiple Formulas,2,24.91,0.12,43.84
924,2025-12-09,12,2025,C140,P125,Minerals,2,30.74,0.12,54.1
924,2025-12-09,12,2025,C140,P096,Herbs,3,25.07,0.12,66.18
925,2025-01-14,1,2025,C145,P210,Minerals,2,7.33,0.12,12.9
925,2025-01-14,1,2025,C145,P051,Essential Fatty Acids,3,11.06,0.12,29.2
925,2025-01-14,1,2025,C145,P014,C Formulations,1,16.55,0.12,14.56
925,2025-01-14,1,2025,C145,P199,Minerals,2,14.12,0.12,24.85
925,2025-01-14,1,2025,C145,P098,D3 Formulations,6,8.72,0.12,46.04
925,2025-01-14,1,2025,C145,P211,Essential Fatty Acids,2,7.18,0.12,12.64
925,2025-01-14,1,2025,C145,P152,C Formulations,2,29.15,0.12,51.3
925,2025-01-14,1,2025,C145,P017,D3 Formulations,1,13.3,0.12,11.7
926,2025-05-29,5,2025,C022,P132,Minerals,2,33.15,0.12,58.34
926,2025-05-29,5,2025,C022,P174,D3 Formulations,2,24.06,0.12,42.35
926,2025-05-29,5,2025,C022,P060,Minerals,1,13.48,0.12,11.86
926,2025-05-29,5,2025,C022,P004,Essential Fatty Acids,2,6.2,0.12,10.91
926,2025-05-29,5,2025,C022,P053,C Formulations,1,17.22,0.12,15.15
926,2025-05-29,5,2025,C022,P131,D3 Formulations,1,22.15,0.12,19.49
926,2025-05-29,5,2025,C022,P126,Nutritional Accessories,4,14.54,0.12,51.18
926,2025-05-29,5,2025,C022,P023,B Formulations,2,20.58,0.12,36.22
927,2025-10-19,10,2025,C068,P235,D3 Formulations,1,22.69,0.1,20.42
927,2025-10-19,10,2025,C068,P114,Herbs,1,24.72,0.1,22.25
927,2025-10-19,10,2025,C068,P166,Multiple Formulas,1,6.88,0.1,6.19
927,2025-10-19,10,2025,C068,P051,Essential Fatty Acids,10,11.06,0.1,99.54
927,2025-10-19,10,2025,C068,P174,D3 Formulations,4,24.06,0.1,86.62
927,2025-10-19,10,2025,C068,P100,Minerals,4,13.69,0.1,49.28
927,2025-10-19,10,2025,C068,P204,Multiple Formulas,4,18.17,0.1,65.41
927,2025-10-19,10,2025,C068,P089,D3 Formulations,2,12.5,0.1,22.5
928,2025-07-30,7,2025,C108,P050,Herbs,2,24.71,0.0,49.42
928,2025-07-30,7,2025,C108,P151,C Formulations,4,20.54,0.0,82.16
928,2025-07-30,7,2025,C108,P156,B Formulations,3,31.81,0.0,95.43
928,2025-07-30,7,2025,C108,P219,Nutritional Accessories,2,18.58,0.0,37.16
929,2025-10-16,10,2025,C064,P059,C Formulations,4,31.44,0.0,125.76
929,2025-10-16,10,2025,C064,P138,Multiple Formulas,10,10.06,0.0,100.6
929,2025-10-16,10,2025,C064,P120,Minerals,1,6.45,0.0,6.45
929,2025-10-16,10,2025,C064,P175,Nutritional Accessories,4,8.48,0.0,33.92
929,2025-10-16,10,2025,C064,P094,Herbs,3,24.84,0.0,74.52
930,2025-06-26,6,2025,C017,P109,Herbs,5,20.28,0.2,81.12
930,2025-06-26,6,2025,C017,P155,Minerals,6,29.08,0.2,139.58
930,2025-06-26,6,2025,C017,P065,Essential Fatty Acids,3,13.01,0.2,31.22
931,2025-04-01,4,2025,C085,P250,C Formulations,1,8.06,0.1,7.25
931,2025-04-01,4,2025,C085,P189,Essential Fatty Acids,5,33.92,0.1,152.64
932,2025-04-05,4,2025,C073,P084,Nutritional Accessories,6,6.15,0.1,33.21
932,2025-04-05,4,2025,C073,P168,Essential Fatty Acids,3,29.86,0.1,80.62
932,2025-04-05,4,2025,C073,P032,Multiple Formulas,1,25.49,0.1,22.94
933,2025-07-23,7,2025,C048,P204,Multiple Formulas,2,18.17,0.15,30.89
933,2025-07-23,7,2025,C048,P053,C Formulations,1,17.22,0.15,14.64
933,2025-07-23,7,2025,C048,P063,Minerals,3,22.1,0.15,56.36
933,2025-07-23,7,2025,C048,P128,Multiple Formulas,2,30.68,0.15,52.16
934,2025-02-08,2,2025,C008,P017,D3 Formulations,1,13.3,0.15,11.3
934,2025-02-08,2,2025,C008,P193,Multiple Formulas,1,11.03,0.15,9.38
934,2025-02-08,2,2025,C008,P028,B Formulations,1,10.2,0.15,8.67
935,2025-07-14,7,2025,C034,P214,Essential Fatty Acids,5,19.75,0.1,88.88
935,2025-07-14,7,2025,C034,P181,Minerals,2,34.3,0.1,61.74
935,2025-07-14,7,2025,C034,P091,Nutritional Accessories,2,12.88,0.1,23.18
936,2025-06-07,6,2025,C179,P233,D3 Formulations,2,22.99,0.2,36.78
936,2025-06-07,6,2025,C179,P155,Minerals,2,29.08,0.2,46.53
937,2025-02-28,2,2025,C085,P193,Multiple Formulas,3,11.03,0.15,28.13
937,2025-02-28,2,2025,C085,P107,Herbs,1,20.58,0.15,17.49
937,2025-02-28,2,2025,C085,P105,B Formulations,2,24.3,0.15,41.31
938,2025-08-27,8,2025,C022,P033,D3 Formulations,2,28.09,0.05,53.37
938,2025-08-27,8,2025,C022,P117,Multiple Formulas,1,33.66,0.05,31.98
939,2025-02-10,2,2025,C129,P136,Minerals,1,23.84,0.12,20.98
939,2025-02-10,2,2025,C129,P241,B Formulations,1,17.2,0.12,15.14
940,2025-11-30,11,2025,C089,P157,Essential Fatty Acids,2,15.8,0.05,30.02
940,2025-11-30,11,2025,C089,P114,Herbs,2,24.72,0.05,46.97
940,2025-11-30,11,2025,C089,P023,B Formulations,3,20.58,0.05,58.65
940,2025-11-30,11,2025,C089,P237,Herbs,6,24.66,0.05,140.56
941,2025-12-19,12,2025,C099,P065,Essential Fatty Acids,10,13.01,0.12,114.49
941,2025-12-19,12,2025,C099,P095,Herbs,3,30.63,0.12,80.86
941,2025-12-19,12,2025,C099,P197,B Formulations,2,26.72,0.12,47.03
941,2025-12-19,12,2025,C099,P148,C Formulations,10,31.15,0.12,274.12
941,2025-12-19,12,2025,C099,P184,C Formulations,2,29.06,0.12,51.15
941,2025-12-19,12,2025,C099,P051,Essential Fatty Acids,3,11.06,0.12,29.2
941,2025-12-19,12,2025,C099,P063,Minerals,1,22.1,0.12,19.45
941,2025-12-19,12,2025,C099,P022,Minerals,10,23.68,0.12,208.38
942,2025-09-22,9,2025,C063,P092,D3 Formulations,1,15.44,0.0,15.44
942,2025-09-22,9,2025,C063,P047,Nutritional Accessories,5,6.48,0.0,32.4
942,2025-09-22,9,2025,C063,P160,D3 Formulations,4,22.77,0.0,91.08
942,2025-09-22,9,2025,C063,P026,Herbs,4,32.34,0.0,129.36
942,2025-09-22,9,2025,C063,P139,Essential Fatty Acids,2,21.03,0.0,42.06
942,2025-09-22,9,2025,C063,P063,Minerals,2,22.1,0.0,44.2
942,2025-09-22,9,2025,C063,P066,B Formulations,3,8.7,0.0,26.1
942,2025-09-22,9,2025,C063,P203,Essential Fatty Acids,5,23.74,0.0,118.7
943,2025-12-28,12,2025,C035,P010,B Formulations,10,33.34,0.15,283.39
943,2025-12-28,12,2025,C035,P245,Essential Fatty Acids,4,8.01,0.15,27.23
944,2025-01-28,1,2025,C168,P102,B Formulations,2,34.22,0.2,54.75
944,2025-01-28,1,2025,C168,P211,Essential Fatty Acids,10,7.18,0.2,57.44
944,2025-01-28,1,2025,C168,P216,Minerals,2,20.26,0.2,32.42
945,2025-06-11,6,2025,C094,P114,Herbs,2,24.72,0.15,42.02
945,2025-06-11,6,2025,C094,P062,Essential Fatty Acids,4,29.7,0.15,100.98
945,2025-06-11,6,2025,C094,P194,Essential Fatty Acids,2,10.54,0.15,17.92
945,2025-06-11,6,2025,C094,P110,Essential Fatty Acids,1,11.66,0.15,9.91
946,2025-09-23,9,2025,C119,P102,B Formulations,1,34.22,0.2,27.38
946,2025-09-23,9,2025,C119,P088,Multiple Formulas,5,24.91,0.2,99.64
946,2025-09-23,9,2025,C119,P209,Herbs,2,9.37,0.2,14.99
947,2025-09-13,9,2025,C141,P065,Essential Fatty Acids,5,13.01,0.0,65.05
948,2025-12-04,12,2025,C066,P023,B Formulations,1,20.58,0.05,19.55
949,2025-01-25,1,2025,C143,P124,Essential Fatty Acids,5,33.94,0.05,161.21
949,2025-01-25,1,2025,C143,P149,Multiple Formulas,2,32.48,0.05,61.71
950,2025-04-19,4,2025,C177,P175,Nutritional Accessories,6,8.48,0.1,45.79
950,2025-04-19,4,2025,C177,P113,Nutritional Accessories,1,6.71,0.1,6.04
950,2025-04-19,4,2025,C177,P110,Essential Fatty Acids,3,11.66,0.1,31.48
950,2025-04-19,4,2025,C177,P024,Nutritional Accessories,1,7.49,0.1,6.74
950,2025-04-19,4,2025,C177,P178,C Formulations,1,21.68,0.1,19.51
951,2025-10-27,10,2025,C065,P204,Multiple Formulas,2,18.17,0.2,29.07
951,2025-10-27,10,2025,C065,P109,Herbs,1,20.28,0.2,16.22
951,2025-10-27,10,2025,C065,P045,D3 Formulations,2,23.14,0.2,37.02
951,2025-10-27,10,2025,C065,P147,C Formulations,3,29.49,0.2,70.78
951,2025-10-27,10,2025,C065,P064,Multiple Formulas,3,21.36,0.2,51.26
951,2025-10-27,10,2025,C065,P180,C Formulations,3,27.06,0.2,64.94
951,2025-10-27,10,2025,C065,P187,B Formulations,10,8.28,0.2,66.24
951,2025-10-27,10,2025,C065,P234,D3 Formulations,1,33.27,0.2,26.62
952,2025-12-16,12,2025,C128,P249,Multiple Formulas,3,25.81,0.0,77.43
953,2025-08-26,8,2025,C016,P053,C Formulations,6,17.22,0.12,90.92
953,2025-08-26,8,2025,C016,P158,B Formulations,1,16.89,0.12,14.86
954,2025-12-14,12,2025,C020,P137,Multiple Formulas,1,34.71,0.12,30.54
954,2025-12-14,12,2025,C020,P082,D3 Formulations,1,8.94,0.12,7.87
955,2025-07-18,7,2025,C174,P004,Essential Fatty Acids,1,6.2,0.15,5.27
955,2025-07-18,7,2025,C174,P193,Multiple Formulas,1,11.03,0.15,9.38
955,2025-07-18,7,2025,C174,P151,C Formulations,2,20.54,0.15,34.92
955,2025-07-18,7,2025,C174,P124,Essential Fatty Acids,3,33.94,0.15,86.55
956,2025-11-02,11,2025,C168,P025,D3 Formulations,1,14.08,0.15,11.97
956,2025-11-02,11,2025,C168,P050,Herbs,2,24.71,0.15,42.01
956,2025-11-02,11,2025,C168,P168,Essential Fatty Acids,3,29.86,0.15,76.14
956,2025-11-02,11,2025,C168,P238,Herbs,2,19.29,0.15,32.79
956,2025-11-02,11,2025,C168,P164,D3 Formulations,1,14.31,0.15,12.16
956,2025-11-02,11,2025,C168,P228,Herbs,1,25.1,0.15,21.34
956,2025-11-02,11,2025,C168,P141,Nutritional Accessories,3,27.48,0.15,70.07
956,2025-11-02,11,2025,C168,P201,Essential Fatty Acids,2,27.4,0.15,46.58
956,2025-11-02,11,2025,C168,P234,D3 Formulations,2,33.27,0.15,56.56
956,2025-11-02,11,2025,C168,P189,Essential Fatty Acids,2,33.92,0.15,57.66
956,2025-11-02,11,2025,C168,P008,Minerals,5,9.48,0.15,40.29
956,2025-11-02,11,2025,C168,P158,B Formulations,1,16.89,0.15,14.36
956,2025-11-02,11,2025,C168,P146,Essential Fatty Acids,1,29.47,0.15,25.05
956,2025-11-02,11,2025,C168,P089,D3 Formulations,1,12.5,0.15,10.62
956,2025-11-02,11,2025,C168,P248,Multiple Formulas,5,8.74,0.15,37.15
957,2025-05-12,5,2025,C175,P043,B Formulations,3,11.41,0.12,30.12
957,2025-05-12,5,2025,C175,P091,Nutritional Accessories,6,12.88,0.12,68.01
958,2025-06-07,6,2025,C095,P009,Essential Fatty Acids,1,15.79,0.12,13.9
958,2025-06-07,6,2025,C095,P160,D3 Formulations,1,22.77,0.12,20.04
958,2025-06-07,6,2025,C095,P073,Multiple Formulas,4,32.02,0.12,112.71
958,2025-06-07,6,2025,C095,P098,D3 Formulations,1,8.72,0.12,7.67
959,2025-02-18,2,2025,C050,P035,Herbs,1,27.12,0.1,24.41
959,2025-02-18,2,2025,C050,P009,Essential Fatty Acids,2,15.79,0.1,28.42
959,2025-02-18,2,2025,C050,P113,Nutritional Accessories,2,6.71,0.1,12.08
959,2025-02-18,2,2025,C050,P063,Minerals,2,22.1,0.1,39.78
960,2025-01-05,1,2025,C060,P006,Nutritional Accessories,1,18.1,0.1,16.29
960,2025-01-05,1,2025,C060,P045,D3 Formulations,4,23.14,0.1,83.3
960,2025-01-05,1,2025,C060,P210,Minerals,1,7.33,0.1,6.6
960,2025-01-05,1,2025,C060,P130,D3 Formulations,1,10.92,0.1,9.83
961,2025-12-06,12,2025,C062,P126,Nutritional Accessories,2,14.54,0.1,26.17
961,2025-12-06,12,2025,C062,P167,Nutritional Accessories,2,7.08,0.1,12.74
961,2025-12-06,12,2025,C062,P110,Essential Fatty Acids,3,11.66,0.1,31.48
962,2025-11-27,11,2025,C014,P239,C Formulations,2,21.82,0.1,39.28
962,2025-11-27,11,2025,C014,P186,Minerals,1,18.73,0.1,16.86
962,2025-11-27,11,2025,C014,P062,Essential Fatty Acids,1,29.7,0.1,26.73
963,2025-11-19,11,2025,C165,P182,Essential Fatty Acids,3,20.97,0.05,59.76
963,2025-11-19,11,2025,C165,P197,B Formulations,5,26.72,0.05,126.92
963,2025-11-19,11,2025,C165,P224,D3 Formulations,2,16.86,0.05,32.03
964,2025-02-21,2,2025,C040,P146,Essential Fatty Acids,2,29.47,0.15,50.1
964,2025-02-21,2,2025,C040,P013,C Formulations,1,26.39,0.15,22.43
964,2025-02-21,2,2025,C040,P206,Minerals,2,16.32,0.15,27.74
964,2025-02-21,2,2025,C040,P030,D3 Formulations,6,34.58,0.15,176.36
964,2025-02-21,2,2025,C040,P233,D3 Formulations,4,22.99,0.15,78.17
964,2025-02-21,2,2025,C040,P008,Minerals,2,9.48,0.15,16.12
964,2025-02-21,2,2025,C040,P039,Multiple Formulas,1,21.54,0.15,18.31
964,2025-02-21,2,2025,C040,P021,Herbs,1,7.07,0.15,6.01
964,2025-02-21,2,2025,C040,P115,Essential Fatty Acids,3,11.14,0.15,28.41
964,2025-02-21,2,2025,C040,P190,Herbs,1,30.24,0.15,25.7
964,2025-02-21,2,2025,C040,P068,Multiple Formulas,3,32.11,0.15,81.88
964,2025-02-21,2,2025,C040,P085,Essential Fatty Acids,1,10.66,0.15,9.06
964,2025-02-21,2,2025,C040,P229,Multiple Formulas,4,10.73,0.15,36.48
964,2025-02-21,2,2025,C040,P244,Multiple Formulas,1,11.68,0.15,9.93
964,2025-02-21,2,2025,C040,P180,C Formulations,4,27.06,0.15,92.0
965,2025-02-12,2,2025,C085,P112,Essential Fatty Acids,10,14.14,0.2,113.12
965,2025-02-12,2,2025,C085,P053,C Formulations,3,17.22,0.2,41.33
966,2025-02-23,2,2025,C124,P094,Herbs,3,24.84,0.0,74.52
966,2025-02-23,2,2025,C124,P091,Nutritional Accessories,1,12.88,0.0,12.88
967,2025-09-10,9,2025,C114,P030,D3 Formulations,3,34.58,0.0,103.74
967,2025-09-10,9,2025,C114,P010,B Formulations,6,33.34,0.0,200.04
968,2025-12-02,12,2025,C049,P171,Nutritional Accessories,3,21.15,0.2,50.76
968,2025-12-02,12,2025,C049,P157,Essential Fatty Acids,4,15.8,0.2,50.56
968,2025-12-02,12,2025,C049,P010,B Formulations,5,33.34,0.2,133.36
969,2025-12-29,12,2025,C126,P238,Herbs,2,19.29,0.1,34.72
969,2025-12-29,12,2025,C126,P096,Herbs,2,25.07,0.1,45.13
970,2025-10-01,10,2025,C090,P031,Minerals,4,13.02,0.15,44.27
970,2025-10-01,10,2025,C090,P069,D3 Formulations,4,24.36,0.15,82.82
970,2025-10-01,10,2025,C090,P176,Herbs,1,7.5,0.15,6.38
971,2025-11-16,11,2025,C051,P187,B Formulations,1,8.28,0.0,8.28
971,2025-11-16,11,2025,C051,P242,Essential Fatty Acids,2,33.87,0.0,67.74
972,2025-05-08,5,2025,C092,P030,D3 Formulations,1,34.58,0.1,31.12
973,2025-11-11,11,2025,C001,P220,Essential Fatty Acids,5,17.56,0.15,74.63
974,2025-05-26,5,2025,C115,P066,B Formulations,6,8.7,0.12,45.94
974,2025-05-26,5,2025,C115,P092,D3 Formulations,3,15.44,0.12,40.76
975,2025-04-30,4,2025,C089,P170,Herbs,6,9.68,0.12,51.11
976,2025-10-12,10,2025,C159,P084,Nutritional Accessories,3,6.15,0.12,16.24
976,2025-10-12,10,2025,C159,P067,D3 Formulations,5,32.02,0.12,140.89
977,2025-04-04,4,2025,C166,P248,Multiple Formulas,1,8.74,0.1,7.87
977,2025-04-04,4,2025,C166,P033,D3 Formulations,2,28.09,0.1,50.56
978,2025-03-26,3,2025,C123,P025,D3 Formulations,3,14.08,0.1,38.02
978,2025-03-26,3,2025,C123,P035,Herbs,1,27.12,0.1,24.41
979,2025-11-04,11,2025,C099,P043,B Formulations,2,11.41,0.1,20.54
979,2025-11-04,11,2025,C099,P174,D3 Formulations,2,24.06,0.1,43.31
979,2025-11-04,11,2025,C099,P012,Essential Fatty Acids,1,21.04,0.1,18.94
979,2025-11-04,11,2025,C099,P087,Herbs,1,26.06,0.1,23.45
979,2025-11-04,11,2025,C099,P047,Nutritional Accessories,2,6.48,0.1,11.66
980,2025-02-27,2,2025,C167,P182,Essential Fatty Acids,4,20.97,0.15,71.3
980,2025-02-27,2,2025,C167,P024,Nutritional Accessories,3,7.49,0.15,19.1
980,2025-02-27,2,2025,C167,P085,Essential Fatty Acids,2,10.66,0.15,18.12
980,2025-02-27,2,2025,C167,P161,Essential Fatty Acids,4,7.04,0.15,23.94
981,2025-09-05,9,2025,C165,P220,Essential Fatty Acids,4,17.56,0.2,56.19
982,2025-01-12,1,2025,C078,P151,C Formulations,1,20.54,0.0,20.54
982,2025-01-12,1,2025,C078,P248,Multiple Formulas,1,8.74,0.0,8.74
982,2025-01-12,1,2025,C078,P118,Herbs,1,32.53,0.0,32.53
983,2025-05-12,5,2025,C121,P113,Nutritional Accessories,2,6.71,0.0,13.42
983,2025-05-12,5,2025,C121,P092,D3 Formulations,1,15.44,0.0,15.44
984,2025-02-24,2,2025,C084,P047,Nutritional Accessories,10,6.48,0.0,64.8
984,2025-02-24,2,2025,C084,P163,Nutritional Accessories,5,21.74,0.0,108.7
985,2025-08-12,8,2025,C009,P148,C Formulations,1,31.15,0.1,28.04
985,2025-08-12,8,2025,C009,P216,Minerals,1,20.26,0.1,18.23
985,2025-08-12,8,2025,C009,P043,B Formulations,4,11.41,0.1,41.08
986,2025-07-18,7,2025,C028,P220,Essential Fatty Acids,2,17.56,0.15,29.85
986,2025-07-18,7,2025,C028,P179,Multiple Formulas,3,24.49,0.15,62.45
986,2025-07-18,7,2025,C028,P170,Herbs,3,9.68,0.15,24.68
986,2025-07-18,7,2025,C028,P098,D3 Formulations,3,8.72,0.15,22.24
986,2025-07-18,7,2025,C028,P173,C Formulations,2,12.26,0.15,20.84
986,2025-07-18,7,2025,C028,P064,Multiple Formulas,2,21.36,0.15,36.31
986,2025-07-18,7,2025,C028,P165,B Formulations,1,23.13,0.15,19.66
986,2025-07-18,7,2025,C028,P093,B Formulations,2,27.65,0.15,47.0
987,2025-07-29,7,2025,C172,P079,Essential Fatty Acids,1,32.06,0.12,28.21
987,2025-07-29,7,2025,C172,P202,Nutritional Accessories,3,22.08,0.12,58.29
988,2025-12-07,12,2025,C049,P236,D3 Formulations,2,17.26,0.05,32.79
989,2025-10-14,10,2025,C009,P150,Nutritional Accessories,5,20.83,0.05,98.94
989,2025-10-14,10,2025,C009,P072,B Formulations,1,27.05,0.05,25.7
990,2025-06-07,6,2025,C008,P073,Multiple Formulas,1,32.02,0.1,28.82
990,2025-06-07,6,2025,C008,P030,D3 Formulations,4,34.58,0.1,124.49
990,2025-06-07,6,2025,C008,P187,B Formulations,2,8.28,0.1,14.9
990,2025-06-07,6,2025,C008,P087,Herbs,1,26.06,0.1,23.45
990,2025-06-07,6,2025,C008,P142,Multiple Formulas,1,26.21,0.1,23.59
990,2025-06-07,6,2025,C008,P032,Multiple Formulas,3,25.49,0.1,68.82
990,2025-06-07,6,2025,C008,P014,C Formulations,3,16.55,0.1,44.69
990,2025-06-07,6,2025,C008,P011,C Formulations,5,15.37,0.1,69.16
991,2025-12-16,12,2025,C164,P099,Herbs,2,16.66,0.1,29.99
991,2025-12-16,12,2025,C164,P050,Herbs,1,24.71,0.1,22.24
991,2025-12-16,12,2025,C164,P022,Minerals,3,23.68,0.1,63.94
992,2025-01-19,1,2025,C109,P085,Essential Fatty Acids,2,10.66,0.15,18.12
992,2025-01-19,1,2025,C109,P038,Multiple Formulas,1,24.37,0.15,20.71
992,2025-01-19,1,2025,C109,P212,Essential Fatty Acids,2,30.81,0.15,52.38
992,2025-01-19,1,2025,C109,P077,D3 Formulations,4,8.44,0.15,28.7
992,2025-01-19,1,2025,C109,P233,D3 Formulations,1,22.99,0.15,19.54
992,2025-01-19,1,2025,C109,P141,Nutritional Accessories,1,27.48,0.15,23.36
992,2025-01-19,1,2025,C109,P040,C Formulations,6,8.62,0.15,43.96
992,2025-01-19,1,2025,C109,P122,Minerals,2,18.42,0.15,31.31
993,2025-02-09,2,2025,C100,P024,Nutritional Accessories,3,7.49,0.15,19.1
993,2025-02-09,2,2025,C100,P023,B Formulations,2,20.58,0.15,34.99
993,2025-02-09,2,2025,C100,P147,C Formulations,2,29.49,0.15,50.13
993,2025-02-09,2,2025,C100,P016,Minerals,2,33.91,0.15,57.65
993,2025-02-09,2,2025,C100,P133,Multiple Formulas,3,26.18,0.15,66.76
994,2025-06-03,6,2025,C171,P212,Essential Fatty Acids,3,30.81,0.1,83.19
995,2025-10-06,10,2025,C096,P149,Multiple Formulas,1,32.48,0.2,25.98
995,2025-10-06,10,2025,C096,P042,Essential Fatty Acids,10,15.3,0.2,122.4
995,2025-10-06,10,2025,C096,P218,Minerals,4,11.02,0.2,35.26
995,2025-10-06,10,2025,C096,P145,Nutritional Accessories,6,14.51,0.2,69.65
995,2025-10-06,10,2025,C096,P214,Essential Fatty Acids,2,19.75,0.2,31.6
995,2025-10-06,10,2025,C096,P023,B Formulations,4,20.58,0.2,65.86
995,2025-10-06,10,2025,C096,P120,Minerals,1,6.45,0.2,5.16
995,2025-10-06,10,2025,C096,P065,Essential Fatty Acids,1,13.01,0.2,10.41
995,2025-10-06,10,2025,C096,P212,Essential Fatty Acids,3,30.81,0.2,73.94
995,2025-10-06,10,2025,C096,P177,C Formulations,3,21.41,0.2,51.38
996,2025-07-04,7,2025,C043,P009,Essential Fatty Acids,2,15.79,0.1,28.42
996,2025-07-04,7,2025,C043,P246,Herbs,4,8.92,0.1,32.11
996,2025-07-04,7,2025,C043,P072,B Formulations,3,27.05,0.1,73.04
996,2025-07-04,7,2025,C043,P044,Nutritional Accessories,4,7.18,0.1,25.85
997,2025-09-04,9,2025,C096,P234,D3 Formulations,6,33.27,0.2,159.7
997,2025-09-04,9,2025,C096,P191,Essential Fatty Acids,1,26.18,0.2,20.94
997,2025-09-04,9,2025,C096,P021,Herbs,3,7.07,0.2,16.97
997,2025-09-04,9,2025,C096,P162,Multiple Formulas,4,19.5,0.2,62.4
998,2025-01-23,1,2025,C167,P170,Herbs,1,9.68,0.1,8.71
998,2025-01-23,1,2025,C167,P068,Multiple Formulas,6,32.11,0.1,173.39
998,2025-01-23,1,2025,C167,P221,C Formulations,2,23.86,0.1,42.95
998,2025-01-23,1,2025,C167,P197,B Formulations,3,26.72,0.1,72.14
998,2025-01-23,1,2025,C167,P206,Minerals,3,16.32,0.1,44.06
999,2025-05-27,5,2025,C062,P215,C Formulations,4,8.84,0.05,33.59
1000,2025-10-25,10,2025,C158,P208,D3 Formulations,2,6.42,0.05,12.2
1000,2025-10-25,10,2025,C158,P192,C Formulations,1,17.86,0.05,16.97
